new_customer_id,wealth_segment,past_3_years_bike_related_purchases,property_valuation,Log_age_tenure,Predicted_Label,gender,state,job_industry_category,owns_car,job_cluster,postcode,age,tenure,Rank,Value
0,Mass Customer,86,6,6.912743,2,Male,QLD,Manufacturing,TRUE,8,4500,66,14,1,1.71875
1,Mass Customer,69,11,6.822197,2,Male,NSW,Property,FALSE,2,2113,53,16,1,1.71875
2,Affluent Customer,10,5,6.309918,2,Female,VIC,Financial Services,FALSE,1,3505,49,10,1,1.71875
3,Affluent Customer,64,1,5.598422,2,Female,QLD,Manufacturing,TRUE,33,4814,44,5,4,1.703125
4,Affluent Customer,34,9,7.07327,2,Female,NSW,Financial Services,FALSE,13,2093,58,19,4,1.703125
5,High Net Worth,39,7,7.425954,2,Female,QLD,Entertainment,TRUE,0,4075,72,22,6,1.671875
6,Mass Customer,23,7,6.068426,2,Male,NSW,Financial Services,FALSE,9,2620,47,8,6,1.671875
7,Mass Customer,74,5,6.329721,2,Female,QLD,Retail,TRUE,25,4814,50,10,8,1.65625
8,Mass Customer,50,10,5.743003,0,Male,NSW,Manufacturing,TRUE,0,2200,51,5,8,1.65625
9,Mass Customer,72,5,6.553933,2,Male,QLD,IT,TRUE,30,4151,38,17,10,1.640625
10,High Net Worth,94,6,4.75359,1,Male,QLD,Retail,FALSE,24,4573,28,3,10,1.640625
11,Mass Customer,48,8,5.616771,1,Male,VIC,Manufacturing,FALSE,3,3216,24,10,12,1.625
12,Mass Customer,60,11,5.828946,2,Male,NSW,Telecommunications,FALSE,25,2032,33,9,13,1.609375
13,Mass Customer,38,10,5.459586,1,Female,NSW,Health,FALSE,12,2232,46,4,14,1.59375
14,Mass Customer,32,8,6.49224,2,Female,QLD,Health,FALSE,3,4053,59,10,14,1.59375
15,Affluent Customer,88,8,6.040255,0,Male,NSW,Manufacturing,TRUE,0,2500,69,5,16,1.5625
16,Mass Customer,61,6,5.043425,0,Female,QLD,Manufacturing,TRUE,26,4051,30,4,17,1.546875
17,Mass Customer,83,10,6.579251,1,Female,VIC,Financial Services,FALSE,0,3040,47,14,17,1.546875
18,Affluent Customer,65,11,6.939254,2,Female,NSW,Manufacturing,TRUE,8,2222,85,11,19,1.53125
19,High Net Worth,2,10,6.813445,1,Female,NSW,Manufacturing,FALSE,0,2190,69,12,19,1.53125
20,Mass Customer,11,9,6.646391,2,Male,NSW,Manufacturing,TRUE,24,2161,54,13,21,1.515625
21,Mass Customer,44,7,5.631212,1,Male,NSW,Financial Services,TRUE,13,2783,30,8,21,1.515625
22,Mass Customer,26,4,4.644391,1,Male,QLD,Argiculture,FALSE,5,4744,25,3,23,1.5
23,Affluent Customer,5,8,6.467699,1,Female,NSW,Argiculture,TRUE,5,2257,45,13,23,1.5
24,Mass Customer,78,5,5.347108,1,Female,QLD,Manufacturing,FALSE,28,4703,41,4,25,1.484375
25,Mass Customer,11,4,7.25982,2,Male,QLD,Property,FALSE,0,4817,78,17,26,1.46875
26,Mass Customer,19,2,6.356108,1,Female,NSW,Retail,TRUE,2,2640,71,7,26,1.46875
27,High Net Worth,71,11,5.852202,2,Female,QLD,Property,TRUE,10,4000,57,5,26,1.46875
28,High Net Worth,84,7,6.628041,2,Female,QLD,Entertainment,FALSE,0,4171,62,11,26,1.46875
29,High Net Worth,45,10,6.356108,0,Female,VIC,Health,FALSE,0,3056,63,8,30,1.4609375
30,High Net Worth,62,8,6.674561,0,Female,NSW,Financial Services,TRUE,0,2280,43,17,30,1.4609375
31,Mass Customer,70,2,6.855409,2,Male,NSW,Health,TRUE,3,2470,72,12,32,1.453125
32,Mass Customer,88,7,5.690359,0,Female,NSW,Financial Services,TRUE,0,2620,36,7,32,1.453125
33,Mass Customer,71,9,6.063785,1,Male,QLD,Argiculture,FALSE,10,4122,42,9,32,1.453125
34,Affluent Customer,27,9,6.89467,2,Female,VIC,Financial Services,FALSE,8,3226,46,20,32,1.453125
35,Affluent Customer,48,1,6.530878,2,Female,QLD,Financial Services,TRUE,5,4817,48,13,36,1.44765625
36,High Net Worth,76,10,6.664409,1,Male,NSW,Argiculture,FALSE,8,2017,55,13,36,1.44765625
37,Mass Customer,58,8,6.579251,0,Male,VIC,Manufacturing,FALSE,0,3190,44,15,38,1.4375
38,Mass Customer,44,2,6.873164,1,Male,VIC,Property,TRUE,0,3280,68,13,38,1.4375
39,Affluent Customer,64,9,5.631212,0,Male,NSW,Manufacturing,TRUE,0,2160,30,8,40,1.434375
40,High Net Worth,73,8,6.660575,0,Female,NSW,Health,FALSE,0,2756,70,10,40,1.434375
41,Mass Customer,24,10,5.049856,1,Female,VIC,Financial Services,FALSE,16,3149,38,3,42,1.421875
42,Mass Customer,79,10,6.553933,0,Female,NSW,Retail,FALSE,0,2024,77,8,42,1.421875
43,Affluent Customer,52,8,6.363028,1,Female,NSW,Argiculture,FALSE,16,2761,57,9,44,1.42109375
44,High Net Worth,76,5,6.073045,0,Male,VIC,Argiculture,FALSE,0,3027,61,6,44,1.42109375
45,High Net Worth,29,12,6.011267,1,Female,NSW,Retail,TRUE,9,2034,67,5,46,1.4078125
46,Affluent Customer,14,1,7.21524,2,Female,QLD,Financial Services,TRUE,0,4852,67,19,46,1.4078125
47,High Net Worth,85,4,6.075346,1,Female,QLD,Argiculture,TRUE,5,4305,28,14,46,1.4078125
48,Mass Customer,59,7,6.740519,2,Female,VIC,Financial Services,TRUE,1,3741,46,17,46,1.4078125
49,Mass Customer,12,12,7.348588,2,Male,NSW,Argiculture,FALSE,17,2067,73,20,50,1.40625
50,Affluent Customer,60,8,6.226537,0,Male,VIC,Manufacturing,FALSE,0,3174,45,10,50,1.40625
51,Affluent Customer,62,8,5.010635,0,Male,QLD,Financial Services,TRUE,0,4017,24,5,52,1.39453125
52,High Net Worth,55,7,5.886104,0,Male,VIC,Health,TRUE,0,3805,29,11,52,1.39453125
53,Mass Customer,97,10,5.934894,1,Female,NSW,Property,FALSE,0,2232,41,8,54,1.38125
54,Mass Customer,87,10,6.200509,2,Female,VIC,Retail,FALSE,18,3166,28,16,54,1.38125
55,Mass Customer,52,10,6.063785,2,Female,NSW,Manufacturing,FALSE,12,2226,42,9,54,1.38125
56,Mass Customer,75,8,6.349139,2,Male,NSW,Argiculture,FALSE,0,2750,43,12,57,1.375
57,Mass Customer,51,9,6.659294,1,Female,VIC,Argiculture,FALSE,17,3196,51,14,57,1.375
58,Mass Customer,64,5,6.257668,1,Male,VIC,Argiculture,TRUE,38,3156,57,8,57,1.375
60,High Net Worth,47,7,6.603944,2,Male,NSW,Financial Services,TRUE,1,2257,40,17,57,1.375
61,Mass Customer,31,9,6.253829,2,Male,NSW,Argiculture,TRUE,4,2763,51,9,62,1.36796875
62,High Net Worth,59,10,6.891626,2,Male,NSW,Financial Services,FALSE,13,2072,81,11,62,1.36796875
63,High Net Worth,70,6,6.933423,2,Female,QLD,Manufacturing,TRUE,2,4504,56,17,62,1.36796875
64,High Net Worth,22,7,5.298317,2,Female,QLD,IT,TRUE,1,4214,24,7,65,1.3625
65,High Net Worth,58,8,6.278521,2,Female,NSW,Retail,FALSE,25,2168,40,12,65,1.3625
66,Affluent Customer,69,11,5.123964,1,Female,QLD,Property,TRUE,28,4208,27,5,65,1.3625
67,Affluent Customer,54,7,6.522093,2,Female,QLD,Manufacturing,TRUE,33,4078,39,16,68,1.3546875
68,High Net Worth,62,5,4.60517,1,Male,QLD,Financial Services,TRUE,28,4036,24,3,68,1.3546875
69,High Net Worth,82,7,5.529429,0,Female,QLD,Argiculture,TRUE,26,4173,35,6,68,1.3546875
70,High Net Worth,11,7,5.971262,0,Female,NSW,Health,TRUE,0,2484,27,13,68,1.3546875
71,Mass Customer,78,10,5.703782,1,Female,NSW,Financial Services,FALSE,0,2121,29,9,72,1.35
72,High Net Worth,73,9,5.991465,2,Female,QLD,Financial Services,FALSE,26,4068,24,15,72,1.35
73,High Net Worth,5,9,6.79794,2,Male,NSW,Argiculture,FALSE,9,2147,55,15,72,1.35
74,Affluent Customer,76,9,7.185387,0,Female,NSW,Financial Services,TRUE,0,2219,65,19,72,1.35
75,High Net Worth,98,12,6.309918,2,Male,NSW,Manufacturing,TRUE,29,2034,49,10,72,1.35
76,Mass Customer,0,9,7.033506,2,Male,NSW,Health,FALSE,10,2759,62,17,77,1.34140625
77,Affluent Customer,36,7,6.858565,0,Female,VIC,Health,TRUE,0,3030,67,13,78,1.3375
78,Mass Customer,15,10,6.590301,2,Female,NSW,Manufacturing,TRUE,35,2212,51,13,78,1.3375
79,High Net Worth,15,6,5.877736,2,Female,NSW,Entertainment,FALSE,24,2518,50,6,78,1.3375
80,Mass Customer,53,12,6.139885,1,Male,NSW,Manufacturing,FALSE,0,2097,28,15,78,1.3375
81,Mass Customer,34,8,6.380123,2,Female,NSW,Financial Services,FALSE,34,2756,58,9,78,1.3375
82,Mass Customer,14,9,5.55296,0,Female,NSW,Financial Services,FALSE,0,2046,42,5,78,1.3375
83,High Net Worth,58,12,6.089045,2,Male,VIC,Manufacturing,FALSE,37,3161,48,8,84,1.328125
84,High Net Worth,48,10,6.976348,2,Male,NSW,Manufacturing,TRUE,32,2576,62,16,85,1.325
85,High Net Worth,9,10,6.956545,1,Female,NSW,Argiculture,FALSE,2,2024,74,13,85,1.325
86,Affluent Customer,8,9,5.010635,2,Female,NSW,Entertainment,FALSE,0,2026,24,5,85,1.325
87,High Net Worth,5,12,7.045777,1,Male,NSW,Argiculture,FALSE,0,2035,81,13,88,1.31484375
88,Mass Customer,49,9,7.012115,1,Male,NSW,Manufacturing,TRUE,0,2479,73,14,89,1.3125
89,Affluent Customer,24,2,6.803505,2,Male,QLD,Health,FALSE,2,4670,52,16,89,1.3125
90,Affluent Customer,93,10,6.238325,1,Male,NSW,Argiculture,FALSE,3,2125,31,15,89,1.3125
91,Mass Customer,34,7,6.824374,2,Female,NSW,Health,FALSE,7,2263,45,19,89,1.3125
92,Mass Customer,84,9,6.335054,0,Female,NSW,Retail,FALSE,0,2015,46,11,89,1.3125
93,Affluent Customer,94,8,6.984716,0,Male,QLD,Argiculture,TRUE,0,4037,71,14,89,1.3125
94,Mass Customer,25,5,6.371612,0,Male,QLD,Argiculture,FALSE,0,4510,44,12,89,1.3125
95,High Net Worth,91,12,5.4161,0,Male,NSW,Manufacturing,TRUE,0,2138,24,8,96,1.3
96,Mass Customer,18,4,7.167038,2,Male,VIC,Property,TRUE,25,3350,80,15,96,1.3
97,Mass Customer,60,6,5.886104,2,Male,QLD,Retail,FALSE,10,4017,29,11,96,1.3
98,High Net Worth,26,10,6.43615,2,Male,NSW,Manufacturing,FALSE,2,2232,51,11,99,1.296875
99,High Net Worth,30,8,5.886104,0,Female,VIC,Manufacturing,TRUE,2,3173,23,14,99,1.296875
100,Mass Customer,84,4,4.882802,1,Female,QLD,Retail,FALSE,26,4118,32,3,99,1.296875
101,Mass Customer,56,2,5.966147,1,Female,QLD,Health,FALSE,0,4670,29,12,102,1.28828125
102,Mass Customer,19,2,6.733402,2,Male,NSW,Manufacturing,FALSE,12,2390,83,9,102,1.28828125
103,Affluent Customer,64,2,5.981414,2,Female,VIC,Financial Services,FALSE,14,3919,43,8,104,1.2875
104,High Net Worth,59,6,6.915723,1,Female,VIC,Financial Services,TRUE,7,3047,62,15,104,1.2875
105,Mass Customer,50,3,7.189922,2,Male,QLD,IT,TRUE,1,4116,77,16,104,1.2875
106,Mass Customer,21,9,7.055313,2,Female,NSW,Argiculture,FALSE,8,2230,60,18,104,1.2875
107,High Net Worth,14,8,6.946976,2,Male,VIC,Retail,FALSE,7,3153,51,19,104,1.2875
108,Mass Customer,95,1,5.934894,2,Female,NSW,Argiculture,FALSE,25,2340,62,5,104,1.2875
109,Mass Customer,1,8,6.840547,0,Female,QLD,Manufacturing,TRUE,0,4000,54,16,104,1.2875
110,Mass Customer,95,7,6.104793,0,Female,VIC,Health,TRUE,0,3802,55,7,111,1.28125
111,Mass Customer,37,5,6.915723,2,Male,QLD,Financial Services,TRUE,14,4207,83,11,111,1.28125
112,High Net Worth,72,11,6.851185,1,Male,NSW,Argiculture,FALSE,2,2223,62,14,111,1.28125
113,Mass Customer,0,2,5.159055,2,Female,VIC,IT,FALSE,7,3280,28,5,114,1.275
114,Affluent Customer,53,6,6.794587,2,Female,QLD,Manufacturing,FALSE,21,4129,46,18,114,1.275
115,Mass Customer,45,5,5.087596,0,Male,NSW,Health,FALSE,0,2546,26,5,114,1.275
116,Affluent Customer,64,9,7.247081,2,Male,NSW,Telecommunications,TRUE,9,2089,77,17,114,1.275
117,High Net Worth,21,9,5.774552,0,Female,VIC,Financial Services,TRUE,28,3094,45,6,114,1.275
118,Mass Customer,37,7,5.220356,1,Male,QLD,Retail,TRUE,10,4510,36,4,114,1.275
119,Mass Customer,2,4,6.342121,2,Female,NSW,Property,TRUE,36,2287,70,7,120,1.2625
120,Affluent Customer,71,8,5.370638,2,Male,NSW,Retail,FALSE,6,2145,42,4,120,1.2625
121,Mass Customer,57,10,5.598422,0,Male,NSW,Argiculture,FALSE,0,2209,26,9,120,1.2625
122,High Net Worth,86,8,5.953243,0,Female,NSW,Argiculture,FALSE,16,2759,54,6,120,1.2625
123,Mass Customer,3,4,5.501258,2,Female,QLD,Financial Services,FALSE,13,4500,48,4,120,1.2625
124,High Net Worth,44,5,7.191429,2,Male,QLD,Argiculture,TRUE,38,4306,82,15,125,1.26171875
125,Mass Customer,71,3,6.165418,0,Male,VIC,Health,TRUE,0,3500,67,6,125,1.26171875
126,Affluent Customer,66,1,7.353722,1,Female,VIC,Health,FALSE,0,3818,70,21,127,1.25
127,Mass Customer,13,1,6.194405,1,Male,NSW,Manufacturing,TRUE,2,2835,48,9,127,1.25
128,Mass Customer,42,1,6.995766,2,Female,QLD,Retail,FALSE,34,4405,83,12,127,1.25
129,Affluent Customer,51,7,5.31812,0,Female,NSW,Retail,TRUE,16,2560,33,5,127,1.25
130,Affluent Customer,78,2,5.918894,1,Female,NSW,Manufacturing,TRUE,2,2650,61,5,127,1.25
131,Mass Customer,38,7,6.716595,1,Male,VIC,Argiculture,TRUE,18,3240,58,13,132,1.2484375
132,Mass Customer,11,4,6.931472,0,Female,QLD,Argiculture,TRUE,0,4011,63,15,133,1.2375
133,Mass Customer,29,9,5.966147,0,Male,NSW,Manufacturing,FALSE,0,2173,38,9,133,1.2375
134,Affluent Customer,27,8,6.536692,2,Female,NSW,Manufacturing,TRUE,11,2750,45,14,133,1.2375
135,Mass Customer,89,7,6.984716,2,Male,NSW,Argiculture,FALSE,14,2114,53,19,133,1.2375
136,Affluent Customer,90,5,5.135798,2,Female,QLD,Manufacturing,FALSE,11,4509,33,4,133,1.2375
137,Mass Customer,28,4,6.876265,1,Male,NSW,Health,TRUE,0,2284,56,16,133,1.2375
138,Mass Customer,12,3,6.371612,2,Female,NSW,Financial Services,TRUE,3,2380,44,12,133,1.2375
139,Mass Customer,60,8,5.170484,1,Female,VIC,Property,TRUE,24,3081,43,3,133,1.2375
140,Affluent Customer,92,9,6.893656,0,Male,VIC,Manufacturing,TRUE,0,3765,57,16,133,1.2375
141,Affluent Customer,14,9,5.908083,0,Male,NSW,Health,TRUE,0,2176,22,15,142,1.23515625
142,Mass Customer,28,8,7.362011,2,Male,QLD,Retail,TRUE,12,4217,74,20,142,1.23515625
143,High Net Worth,6,9,6.761573,2,Male,NSW,Financial Services,TRUE,1,2138,47,17,144,1.234375
144,Mass Customer,4,1,5.70711,2,Female,QLD,Manufacturing,FALSE,34,4207,42,6,144,1.234375
145,Mass Customer,40,9,7.076654,1,Female,NSW,Financial Services,FALSE,40,2164,73,15,146,1.225
146,Mass Customer,82,8,6.967909,2,Female,NSW,Manufacturing,FALSE,4,2218,58,17,146,1.225
147,Mass Customer,38,10,6.840547,2,Male,NSW,Retail,FALSE,12,2153,54,16,146,1.225
148,High Net Worth,58,6,7.003065,1,Female,VIC,Health,FALSE,0,3977,54,19,146,1.225
149,Mass Customer,39,8,6.860664,2,Female,NSW,Property,FALSE,0,2540,52,17,146,1.225
150,Affluent Customer,60,3,5.63479,2,Female,QLD,Health,TRUE,14,4570,55,4,146,1.225
151,Affluent Customer,30,8,6.835185,2,Female,NSW,Manufacturing,TRUE,3,2324,61,14,152,1.221875
152,Mass Customer,61,11,6.951772,2,Male,NSW,Financial Services,TRUE,7,2016,54,18,153,1.21875
153,Mass Customer,54,5,6.628041,2,Male,VIC,Health,FALSE,18,3201,62,11,154,1.203125
154,Mass Customer,6,5,6.522093,2,Male,QLD,Financial Services,FALSE,9,4350,67,9,155,1.2
155,Mass Customer,74,9,7.106606,2,Female,NSW,Property,TRUE,25,2170,60,19,155,1.2
156,Mass Customer,89,9,6.962243,2,Female,QLD,Financial Services,FALSE,27,4212,47,21,157,1.1953125
157,Mass Customer,16,9,6.284134,2,Female,NSW,Health,FALSE,24,2763,66,7,158,1.1875
158,Mass Customer,4,9,5.774552,0,Female,VIC,Argiculture,TRUE,5,3934,45,6,158,1.1875
159,High Net Worth,27,9,6.688355,1,Male,NSW,Argiculture,FALSE,3,2564,72,10,158,1.1875
160,Affluent Customer,37,12,5.247024,2,Male,NSW,Property,FALSE,21,2068,37,4,158,1.1875
161,Mass Customer,23,11,5.765191,2,Female,VIC,Health,TRUE,27,3109,28,10,158,1.1875
162,Affluent Customer,60,2,6.309918,1,Female,NSW,Manufacturing,TRUE,26,2326,54,9,163,1.18203125
163,High Net Worth,96,3,7.286192,2,Male,QLD,Argiculture,TRUE,33,4011,72,19,163,1.18203125
164,Mass Customer,3,11,5.192957,0,Female,NSW,Argiculture,TRUE,7,2073,44,3,163,1.18203125
165,Mass Customer,55,10,5.480639,2,Male,NSW,Health,FALSE,3,2227,47,4,166,1.175
166,High Net Worth,65,3,6.496775,2,Female,NSW,Financial Services,FALSE,26,2471,50,12,166,1.175
167,Mass Customer,55,4,5.752573,1,Female,QLD,Manufacturing,TRUE,3,4350,34,8,166,1.175
168,Affluent Customer,99,9,7.049255,2,Female,VIC,Retail,FALSE,4,3752,71,15,166,1.175
169,Affluent Customer,33,7,6.276643,2,Male,VIC,Argiculture,FALSE,14,3805,37,13,166,1.175
170,Affluent Customer,42,9,6.942157,2,Female,NSW,Argiculture,FALSE,33,2205,68,14,166,1.175
171,Mass Customer,36,11,6.617403,2,Male,NSW,Property,TRUE,15,2126,67,10,166,1.175
172,Mass Customer,60,6,5.164786,1,Male,NSW,Financial Services,TRUE,5,2209,34,4,173,1.171875
173,Affluent Customer,56,1,6.200509,1,Male,VIC,Manufacturing,TRUE,8,3850,28,16,174,1.16875
174,Mass Customer,72,8,6.025866,2,Female,VIC,Property,FALSE,22,3038,68,5,174,1.16875
175,High Net Worth,54,9,5.545177,2,Female,NSW,Telecommunications,FALSE,0,2146,31,7,174,1.16875
176,High Net Worth,79,7,6.745236,0,Female,VIC,Argiculture,TRUE,40,3122,84,9,177,1.1625
177,Mass Customer,51,9,7.109879,2,Male,NSW,Manufacturing,FALSE,6,2066,71,16,177,1.1625
178,Mass Customer,92,10,6.929517,2,Male,NSW,Retail,TRUE,7,2120,72,13,177,1.1625
179,Mass Customer,71,9,5.68358,2,Female,QLD,Financial Services,FALSE,8,4179,48,5,177,1.1625
180,High Net Worth,39,9,6.380123,2,Male,NSW,Health,FALSE,8,2148,58,9,181,1.158125
181,Mass Customer,78,7,6.836259,2,Male,QLD,Manufacturing,FALSE,28,4352,48,18,181,1.158125
182,High Net Worth,36,8,7.447751,2,Male,NSW,Argiculture,TRUE,3,2177,77,21,181,1.158125
183,Mass Customer,34,7,6.55108,2,Male,NSW,Manufacturing,TRUE,35,2454,49,13,181,1.158125
184,Mass Customer,68,9,5.455321,2,Female,VIC,Property,FALSE,33,3806,38,5,181,1.158125
185,High Net Worth,65,10,4.85203,0,Male,VIC,Health,TRUE,0,3032,31,3,181,1.158125
186,High Net Worth,26,10,6.860664,2,Female,NSW,Financial Services,FALSE,34,2228,52,17,181,1.158125
187,Mass Customer,67,8,6.822197,1,Female,NSW,Argiculture,TRUE,18,2766,50,17,188,1.15625
188,High Net Worth,7,10,5.940171,2,Female,QLD,Property,FALSE,31,4060,37,9,188,1.15625
189,Affluent Customer,74,9,5.7301,2,Male,NSW,IT,FALSE,17,2766,27,10,190,1.15546875
190,Affluent Customer,32,11,5.66296,1,Female,NSW,Property,FALSE,0,2117,31,8,191,1.15
191,Mass Customer,55,8,6.533789,2,Male,NSW,Health,TRUE,3,2250,85,7,191,1.15
192,High Net Worth,16,8,6.386879,2,Female,NSW,Telecommunications,FALSE,25,2170,53,10,191,1.15
193,Mass Customer,47,10,6.086775,2,Female,NSW,Argiculture,FALSE,0,2226,54,7,191,1.15
194,Mass Customer,26,12,6.866933,0,Female,VIC,Health,TRUE,0,3195,79,11,195,1.1475
195,Affluent Customer,6,3,6.784457,2,Male,VIC,Property,FALSE,16,3687,51,16,195,1.1475
196,High Net Worth,60,9,5.840642,1,Female,QLD,Argiculture,FALSE,9,4109,42,7,195,1.1475
197,High Net Worth,66,9,4.624973,0,Female,NSW,Argiculture,FALSE,9,2210,33,2,195,1.1475
198,Affluent Customer,44,3,4.820282,0,Male,NSW,Argiculture,FALSE,3,2448,30,3,195,1.1475
199,High Net Worth,55,4,6.625392,1,Female,QLD,Manufacturing,TRUE,2,4207,57,12,195,1.1475
200,Mass Customer,70,7,7.057898,0,Male,VIC,Argiculture,TRUE,0,3977,82,13,201,1.1421875
201,Mass Customer,84,8,6.946976,0,Female,NSW,Health,FALSE,0,2250,64,15,202,1.140625
202,Affluent Customer,47,9,7.46049,2,Male,NSW,Manufacturing,TRUE,8,2300,78,21,202,1.140625
203,Mass Customer,44,1,6.356108,2,Female,QLD,Retail,TRUE,24,4605,71,7,202,1.140625
204,Mass Customer,2,7,4.356709,0,Male,NSW,Argiculture,FALSE,8,2429,25,2,202,1.140625
205,Affluent Customer,19,8,6.895683,0,Female,NSW,Argiculture,TRUE,40,2170,75,12,206,1.1375
206,Affluent Customer,31,7,6.173786,2,Male,QLD,Telecommunications,FALSE,22,4018,47,9,206,1.1375
207,Mass Customer,70,7,6.719013,0,Female,NSW,Argiculture,TRUE,0,2756,68,11,206,1.1375
208,High Net Worth,12,9,7.185387,2,Female,NSW,Health,FALSE,0,2144,65,19,206,1.1375
209,Affluent Customer,92,4,5.652489,2,Male,QLD,Financial Services,FALSE,13,4710,56,4,206,1.1375
210,Mass Customer,32,10,6.858565,2,Male,NSW,Financial Services,FALSE,1,2032,55,16,206,1.1375
211,High Net Worth,82,8,5.505332,0,Male,NSW,Health,TRUE,0,2168,40,5,212,1.136875
212,Mass Customer,12,6,5.241747,1,Male,VIC,Retail,FALSE,16,3021,26,6,212,1.136875
213,High Net Worth,28,8,6.617403,2,Male,NSW,Entertainment,FALSE,28,2165,67,10,212,1.136875
214,Mass Customer,9,7,7.4793,2,Female,QLD,Property,TRUE,9,4211,76,22,215,1.12890625
215,Mass Customer,11,11,4.787492,0,Male,NSW,Manufacturing,FALSE,0,2125,23,4,215,1.12890625
216,Mass Customer,50,7,5.087596,1,Female,NSW,Argiculture,FALSE,9,2444,26,5,215,1.12890625
217,Affluent Customer,8,2,7.055313,1,Female,QLD,Health,TRUE,0,4285,60,18,218,1.12625
218,Mass Customer,78,11,6.728629,2,Male,NSW,Financial Services,TRUE,39,2026,43,18,219,1.125
219,Affluent Customer,7,8,4.787492,1,Male,NSW,IT,FALSE,0,2227,29,3,219,1.125
220,Mass Customer,68,8,6.533789,2,Male,VIC,Retail,TRUE,18,3934,42,15,219,1.125
221,Mass Customer,66,9,5.886104,0,Male,NSW,Health,TRUE,0,2160,44,7,219,1.125
222,Mass Customer,62,11,7.004882,0,Female,NSW,Argiculture,FALSE,0,2203,57,18,223,1.115625
223,High Net Worth,66,8,5.480639,1,Male,NSW,Health,FALSE,16,2446,23,9,223,1.115625
224,Mass Customer,91,1,6.719013,2,Male,QLD,IT,FALSE,0,4650,45,17,223,1.115625
225,Mass Customer,0,8,5.950643,1,Male,QLD,Manufacturing,TRUE,0,4115,23,15,226,1.1125
227,High Net Worth,54,9,6.291569,2,Male,NSW,Financial Services,FALSE,1,2099,59,8,226,1.1125
228,Mass Customer,46,8,6.327937,2,Female,NSW,Financial Services,FALSE,26,2430,69,7,226,1.1125
229,Affluent Customer,48,4,6.802395,2,Female,QLD,Health,TRUE,12,4207,59,14,230,1.109375
230,Mass Customer,52,10,6.536692,2,Male,NSW,Health,TRUE,27,2117,45,14,231,1.105
231,Mass Customer,50,9,7.338888,2,Male,NSW,Manufacturing,TRUE,39,2007,80,18,231,1.105
232,Mass Customer,94,9,6.785588,2,Male,NSW,Argiculture,FALSE,9,2148,58,14,233,1.1
233,Mass Customer,53,7,7.227662,2,Female,NSW,Property,FALSE,0,2011,80,16,233,1.1
234,Mass Customer,25,8,5.934894,1,Female,VIC,Argiculture,TRUE,38,3429,26,13,233,1.1
235,Affluent Customer,41,8,6.628041,0,Male,NSW,Health,FALSE,0,2200,83,8,233,1.1
236,High Net Worth,97,8,7.033506,2,Female,NSW,Telecommunications,TRUE,9,2281,80,13,237,1.094375
237,Mass Customer,30,10,6.639876,1,Female,NSW,Argiculture,TRUE,7,2224,84,8,237,1.094375
238,Mass Customer,84,1,7.191429,2,Female,QLD,Entertainment,TRUE,16,4307,82,15,237,1.094375
239,Mass Customer,4,8,5.934894,0,Male,QLD,Argiculture,TRUE,26,4105,62,5,240,1.09
240,High Net Worth,18,9,6.214608,1,Female,VIC,Manufacturing,TRUE,5,3170,49,9,241,1.0875
241,Mass Customer,94,9,5.966147,1,Female,QLD,Manufacturing,FALSE,10,4065,64,5,241,1.0875
242,Affluent Customer,57,4,6.840547,1,Male,VIC,Manufacturing,TRUE,26,3004,54,16,241,1.0875
243,Mass Customer,29,8,6.769642,2,Male,QLD,Health,FALSE,28,4556,66,12,244,1.08375
244,Mass Customer,2,5,7.299797,2,Female,QLD,Argiculture,TRUE,31,4006,73,19,244,1.08375
245,Affluent Customer,8,10,5.652489,0,Female,VIC,Manufacturing,TRUE,0,3134,56,4,244,1.08375
246,High Net Worth,74,3,6.818924,2,Female,QLD,Financial Services,FALSE,9,4680,60,14,244,1.08375
247,Affluent Customer,49,7,6.368187,2,Male,QLD,Financial Services,TRUE,1,4036,52,10,248,1.078125
248,High Net Worth,59,4,6.291569,2,Male,NSW,Property,TRUE,17,2380,44,11,249,1.07578125
249,High Net Worth,57,3,6.856462,2,Male,QLD,Entertainment,FALSE,16,4506,49,18,250,1.075
250,Mass Customer,90,10,6.376727,2,Female,NSW,Financial Services,FALSE,1,2209,48,11,250,1.075
251,Affluent Customer,85,2,5.988961,2,Male,QLD,Health,TRUE,6,4119,56,6,252,1.073125
252,Mass Customer,13,9,6.44572,2,Female,NSW,Retail,FALSE,7,2145,62,9,252,1.073125
253,Mass Customer,91,9,6.086775,2,Female,NSW,IT,FALSE,17,2166,43,9,252,1.073125
254,High Net Worth,75,12,5.860786,1,Female,NSW,Financial Services,FALSE,2,2026,26,12,252,1.073125
255,Mass Customer,17,10,7.275865,1,Female,VIC,Manufacturing,FALSE,2,3031,84,16,252,1.073125
256,Mass Customer,49,12,6.946976,2,Female,VIC,Retail,FALSE,18,3206,64,15,252,1.073125
257,Mass Customer,37,3,5.918894,1,Male,QLD,Argiculture,FALSE,5,4818,61,5,252,1.073125
258,Mass Customer,45,6,5.480639,1,Female,QLD,Argiculture,TRUE,17,4113,23,9,259,1.0625
259,High Net Worth,41,10,6.966024,2,Female,NSW,Manufacturing,FALSE,2,2155,52,19,259,1.0625
260,Mass Customer,9,9,6.715383,1,Female,VIC,Retail,TRUE,8,3103,54,14,259,1.0625
261,High Net Worth,21,6,5.442418,2,Female,QLD,Argiculture,FALSE,16,4210,32,6,259,1.0625
262,Mass Customer,88,9,5.863631,2,Male,QLD,IT,TRUE,6,4165,31,10,259,1.0625
263,Mass Customer,36,5,6.410175,2,Female,QLD,Financial Services,TRUE,1,4510,75,7,259,1.0625
264,Affluent Customer,57,6,4.430817,0,Male,QLD,Manufacturing,TRUE,28,4000,27,2,259,1.0625
265,Mass Customer,56,12,6.852243,0,Female,NSW,Argiculture,FALSE,0,2089,85,10,259,1.0625
266,Mass Customer,81,8,6.951772,2,Female,NSW,Property,TRUE,0,2566,54,18,259,1.0625
267,Mass Customer,82,7,6.011267,0,Female,VIC,Financial Services,FALSE,0,3805,50,7,259,1.0625
268,Affluent Customer,70,7,6.984716,1,Male,VIC,Manufacturing,TRUE,2,3977,71,14,259,1.0625
269,High Net Worth,89,8,6.148468,2,Female,NSW,Health,FALSE,32,2763,51,8,259,1.0625
270,High Net Worth,84,7,4.025352,0,Male,VIC,Manufacturing,TRUE,2,3199,27,1,271,1.06
271,Mass Customer,70,3,5.934894,1,Male,NSW,Argiculture,TRUE,0,2480,62,5,271,1.06
272,Mass Customer,99,10,5.257495,2,Female,NSW,Manufacturing,FALSE,1,2529,47,3,271,1.06
273,Mass Customer,48,9,6.165418,1,Male,NSW,Manufacturing,FALSE,28,2177,67,6,274,1.051875
274,Affluent Customer,35,9,6.510258,2,Male,NSW,Manufacturing,FALSE,2,2168,47,13,274,1.051875
275,Affluent Customer,90,3,6.139885,0,Female,VIC,Argiculture,TRUE,3,3976,57,7,274,1.051875
276,High Net Worth,70,12,6.20859,2,Female,NSW,Telecommunications,FALSE,23,2092,70,6,274,1.051875
277,Affluent Customer,50,9,5.918894,0,Male,VIC,Health,TRUE,40,3804,61,5,278,1.05
278,Mass Customer,64,9,6.704414,2,Female,VIC,Financial Services,TRUE,32,3046,47,16,278,1.05
279,Affluent Customer,81,9,6.967909,2,Female,VIC,Financial Services,FALSE,8,3791,58,17,278,1.05
280,Mass Customer,7,12,5.971262,2,Male,NSW,Argiculture,FALSE,11,2111,55,6,278,1.05
281,Mass Customer,26,8,6.368187,2,Female,VIC,Telecommunications,TRUE,16,3021,52,10,282,1.04921875
282,Mass Customer,37,2,6.824374,1,Female,VIC,Manufacturing,FALSE,26,3350,45,19,282,1.04921875
283,Mass Customer,81,7,7.064759,2,Male,QLD,Argiculture,FALSE,5,4005,64,17,284,1.046875
284,Mass Customer,88,7,6.527958,1,Female,QLD,Health,FALSE,0,4370,56,11,285,1.04125
285,High Net Worth,3,3,7.200425,2,Male,NSW,Financial Services,TRUE,18,2680,66,19,285,1.04125
286,Affluent Customer,70,8,6.982863,2,Male,QLD,Argiculture,FALSE,40,4659,76,13,287,1.04
287,Affluent Customer,2,10,6.120297,0,Female,QLD,Argiculture,FALSE,0,4218,64,6,287,1.04
288,Affluent Customer,96,7,6.173786,2,Female,NSW,Retail,TRUE,33,2770,47,9,289,1.0375
289,High Net Worth,50,1,5.924256,1,Male,VIC,Manufacturing,TRUE,18,3012,33,10,289,1.0375
290,High Net Worth,95,11,6.326149,2,Female,NSW,Argiculture,FALSE,22,2019,42,12,291,1.0359375
291,Affluent Customer,15,8,6.253829,1,Male,VIC,Manufacturing,FALSE,2,3199,51,9,291,1.0359375
292,Affluent Customer,89,6,7.21891,1,Male,VIC,Argiculture,FALSE,16,3165,64,20,291,1.0359375
293,Mass Customer,88,7,6.056784,0,Female,VIC,Health,TRUE,26,3082,60,6,291,1.0359375
294,Mass Customer,36,8,5.393628,2,Male,QLD,Financial Services,FALSE,13,4208,43,4,295,1.03125
295,Mass Customer,68,7,5.375278,1,Female,NSW,Financial Services,TRUE,13,2795,35,5,295,1.03125
296,High Net Worth,73,8,6.984716,2,Male,NSW,Property,FALSE,0,2760,53,19,297,1.030625
297,Mass Customer,97,8,5.686975,1,Male,NSW,Financial Services,TRUE,28,2148,58,4,297,1.030625
298,Mass Customer,91,8,5.894403,1,Female,NSW,Argiculture,FALSE,0,2560,32,10,297,1.030625
299,Mass Customer,59,11,7.234177,2,Female,NSW,Retail,FALSE,0,2007,76,17,297,1.030625
300,Mass Customer,39,5,5.981414,2,Male,QLD,Retail,TRUE,20,4019,35,10,297,1.030625
301,Mass Customer,97,9,5.513429,2,Female,VIC,Financial Services,FALSE,1,3167,30,7,302,1.03
302,Affluent Customer,79,12,6.246107,2,Male,NSW,Health,TRUE,20,2026,42,11,302,1.03
303,Affluent Customer,56,11,6.802395,0,Female,NSW,Argiculture,FALSE,28,2076,74,11,304,1.025
304,High Net Worth,42,8,6.873164,2,Female,QLD,Financial Services,TRUE,5,4214,68,13,304,1.025
305,Mass Customer,81,7,5.857933,2,Female,QLD,Financial Services,FALSE,8,4272,49,6,304,1.025
306,Affluent Customer,1,9,6.733402,1,Male,NSW,Argiculture,TRUE,12,2570,69,11,304,1.025
307,High Net Worth,63,3,7.118826,0,Female,NSW,Financial Services,TRUE,0,2344,64,18,304,1.025
308,Mass Customer,45,6,6.246107,1,Female,NSW,Health,FALSE,0,2287,42,11,304,1.025
309,Mass Customer,21,6,6.678342,0,Male,NSW,Manufacturing,TRUE,0,2546,52,14,310,1.02265625
310,High Net Worth,39,11,5.894403,0,Female,VIC,Property,TRUE,0,3206,32,10,310,1.02265625
311,Mass Customer,28,5,5.852202,1,Female,VIC,Health,FALSE,16,3977,57,5,312,1.02
312,High Net Worth,61,8,5.605802,1,Male,NSW,Manufacturing,FALSE,0,2305,33,7,312,1.02
313,Mass Customer,95,11,6.104793,0,Male,NSW,Manufacturing,FALSE,40,2227,55,7,312,1.02
314,High Net Worth,73,8,4.85203,0,Female,QLD,Argiculture,TRUE,15,4170,31,3,312,1.02
315,High Net Worth,96,9,6.77308,2,Female,VIC,Manufacturing,FALSE,23,3073,45,18,312,1.02
316,Mass Customer,3,6,6.977281,0,Female,VIC,Health,TRUE,0,3029,66,15,312,1.02
317,Mass Customer,20,7,6.43615,1,Female,QLD,Property,TRUE,0,4212,38,15,312,1.02
318,Affluent Customer,74,8,6.942157,2,Female,NSW,Health,TRUE,25,2127,68,14,312,1.02
319,Affluent Customer,87,9,5.370638,1,Male,NSW,Financial Services,TRUE,24,2566,42,4,320,1.015625
320,High Net Worth,78,7,5.950643,0,Male,VIC,Argiculture,TRUE,9,3021,47,7,320,1.015625
321,High Net Worth,23,6,6.415097,2,Male,NSW,Financial Services,FALSE,2,2165,46,12,322,1.0125
322,Mass Customer,0,9,6.628041,2,Female,NSW,Property,FALSE,6,2582,41,17,322,1.0125
323,High Net Worth,35,9,5.768321,2,Male,VIC,Manufacturing,FALSE,33,3020,31,9,324,1.01
325,High Net Worth,14,1,6.313548,1,Female,VIC,Health,FALSE,24,3000,68,7,326,1.009375
326,Mass Customer,17,4,7.221105,1,Female,QLD,Financial Services,TRUE,40,4503,71,18,326,1.009375
327,Mass Customer,84,5,6.302619,1,Male,QLD,Argiculture,FALSE,7,4161,41,12,326,1.009375
328,High Net Worth,32,6,6.919684,2,Male,QLD,Manufacturing,FALSE,0,4207,45,21,329,1
329,Mass Customer,32,4,6.43615,2,Female,NSW,Property,FALSE,4,2800,51,11,329,1
330,Affluent Customer,17,3,5.521461,2,Male,QLD,Argiculture,FALSE,1,4218,24,9,329,1
331,High Net Worth,46,9,6.931472,1,Male,NSW,Argiculture,TRUE,12,2147,63,15,329,1
332,Mass Customer,64,8,5.375278,2,Male,VIC,Entertainment,TRUE,0,3013,26,7,329,1
333,Affluent Customer,33,2,6.131226,2,Male,VIC,Retail,TRUE,38,3630,45,9,334,0.99875
334,Mass Customer,62,10,7.142037,2,Female,NSW,Financial Services,TRUE,13,2011,78,15,334,0.99875
335,Mass Customer,81,9,6.473891,2,Male,NSW,Manufacturing,FALSE,2,2145,80,7,334,0.99875
336,Mass Customer,8,7,6.052089,1,Female,VIC,Financial Services,TRUE,3,3029,24,16,334,0.99875
337,Affluent Customer,53,8,6.579251,1,Male,VIC,Argiculture,FALSE,16,3207,47,14,338,0.99609375
338,Mass Customer,18,4,7.163947,0,Male,NSW,Manufacturing,TRUE,0,2640,67,18,338,0.99609375
339,High Net Worth,80,9,5.971262,0,Female,VIC,Argiculture,TRUE,34,3059,48,7,338,0.99609375
340,Affluent Customer,93,3,6.897705,2,Female,QLD,Health,TRUE,25,4560,54,17,341,0.99
341,Mass Customer,38,10,6.49224,2,Female,VIC,IT,TRUE,6,3163,54,11,341,0.99
342,Affluent Customer,84,6,6.688355,2,Male,QLD,IT,FALSE,0,4078,72,10,341,0.99
343,Mass Customer,22,10,7.26403,2,Female,QLD,Manufacturing,TRUE,12,4075,83,16,341,0.99
344,Affluent Customer,17,7,6.733402,2,Male,QLD,Manufacturing,TRUE,9,4055,59,13,345,0.988125
345,Mass Customer,71,8,6.356108,2,Female,NSW,IT,TRUE,0,2750,71,7,345,0.988125
346,Mass Customer,43,9,6.498282,2,Female,NSW,Property,TRUE,26,2256,82,7,345,0.988125
347,High Net Worth,22,6,7.033506,2,Male,QLD,Financial Services,TRUE,6,4158,62,17,345,0.988125
348,Mass Customer,11,1,6.054439,1,Female,NSW,Health,FALSE,0,2835,70,5,349,0.9875
349,High Net Worth,67,10,6.326149,2,Male,VIC,Manufacturing,FALSE,4,3235,42,12,349,0.9875
350,Mass Customer,18,8,7.095064,2,Male,QLD,Argiculture,FALSE,8,4556,66,17,349,0.9875
351,Mass Customer,59,6,6.733402,1,Female,NSW,Financial Services,FALSE,0,2011,59,13,349,0.9875
352,Mass Customer,74,10,7.272398,2,Female,VIC,Argiculture,TRUE,3,3101,79,17,349,0.9875
353,Affluent Customer,19,8,6.827629,1,Male,NSW,Health,TRUE,0,2747,70,12,349,0.9875
354,Affluent Customer,59,5,5.799093,0,Female,VIC,Argiculture,TRUE,0,3810,21,14,355,0.984375
355,Affluent Customer,45,8,6.182085,1,Female,NSW,Health,FALSE,10,2290,43,10,356,0.9828125
356,Mass Customer,30,7,6.866933,2,Female,VIC,Health,TRUE,25,3075,79,11,356,0.9828125
357,Affluent Customer,59,11,6.535241,2,Male,NSW,Manufacturing,FALSE,2,2075,52,12,358,0.98
359,High Net Worth,99,7,5.924256,2,Male,VIC,Retail,FALSE,38,3122,33,10,358,0.98
361,Mass Customer,7,10,6.371612,2,Male,NSW,Telecommunications,FALSE,34,2232,44,12,361,0.9775
362,Mass Customer,67,2,5.655992,1,Female,NSW,Financial Services,TRUE,10,2641,25,10,361,0.9775
363,Mass Customer,13,11,6.84375,2,Male,VIC,Financial Services,FALSE,0,3145,66,13,361,0.9775
364,Mass Customer,62,4,5.991465,2,Female,NSW,Financial Services,TRUE,35,2323,24,15,361,0.9775
365,Affluent Customer,60,10,6.705639,1,Male,QLD,Health,FALSE,0,4152,42,18,366,0.975
366,Mass Customer,84,8,6.43615,2,Female,NSW,Financial Services,FALSE,9,2777,51,11,366,0.975
367,High Net Worth,18,7,6.476972,1,Male,VIC,Financial Services,TRUE,0,3175,64,9,366,0.975
368,Mass Customer,6,9,7.249215,1,Female,NSW,Argiculture,TRUE,8,2026,66,20,366,0.975
369,High Net Worth,50,4,5.010635,2,Male,VIC,IT,FALSE,15,3197,29,4,370,0.97
370,Mass Customer,57,11,6.313548,1,Female,QLD,Argiculture,FALSE,15,4218,45,11,371,0.96875
371,Mass Customer,30,9,6.056784,1,Male,NSW,Health,TRUE,0,2220,60,6,372,0.966875
372,Mass Customer,4,10,6.214608,2,Male,NSW,Entertainment,FALSE,0,2209,49,9,372,0.966875
373,Affluent Customer,54,11,6.376727,2,Male,VIC,Financial Services,FALSE,11,3204,48,11,372,0.966875
375,High Net Worth,7,8,7.203406,1,Male,QLD,Argiculture,TRUE,7,4128,63,20,375,0.96
376,High Net Worth,60,2,6.309918,2,Male,QLD,IT,FALSE,0,4600,49,10,375,0.96
377,High Net Worth,81,1,4.70953,2,Female,VIC,Financial Services,FALSE,25,3579,36,2,378,0.95625
378,Affluent Customer,34,6,6.620073,1,Female,VIC,Manufacturing,FALSE,2,3199,49,14,378,0.95625
379,Mass Customer,40,5,7.239933,2,Female,QLD,Financial Services,TRUE,0,4068,81,16,378,0.95625
380,Mass Customer,7,6,6.675823,2,Female,NSW,Manufacturing,FALSE,28,2456,60,12,378,0.95625
381,Affluent Customer,4,12,4.430817,1,Female,NSW,Financial Services,TRUE,17,2230,27,2,382,0.95
382,Mass Customer,85,10,6.291569,1,Male,NSW,Health,TRUE,0,2211,59,8,382,0.95
383,Affluent Customer,65,7,7.272398,2,Female,NSW,Entertainment,FALSE,17,2261,79,17,382,0.95
384,Affluent Customer,82,6,5.669881,2,Male,VIC,Financial Services,TRUE,14,3754,28,9,382,0.95
385,High Net Worth,46,7,6.55108,2,Male,QLD,Manufacturing,TRUE,15,4124,69,9,386,0.945625
386,Mass Customer,11,8,6.782192,0,Female,NSW,Health,FALSE,0,2767,62,13,386,0.945625
387,Affluent Customer,15,5,6.12905,0,Female,VIC,Argiculture,TRUE,28,3153,50,8,386,0.945625
388,Affluent Customer,51,3,5.225747,2,Male,QLD,Telecommunications,FALSE,2,4740,30,5,386,0.945625
389,Mass Customer,75,7,7.466228,2,Female,NSW,Argiculture,FALSE,5,2168,75,22,386,0.945625
390,High Net Worth,25,6,6.897705,1,Female,VIC,Argiculture,FALSE,16,3977,44,21,386,0.945625
391,Affluent Customer,92,10,6.840547,2,Female,NSW,Manufacturing,FALSE,34,2207,84,10,386,0.945625
392,Mass Customer,36,11,5.659482,0,Male,NSW,Retail,TRUE,0,2022,40,6,386,0.945625
393,Mass Customer,10,9,7.299797,2,Male,VIC,Financial Services,FALSE,5,3192,73,19,386,0.945625
394,Mass Customer,74,9,5.31812,0,Male,VIC,Manufacturing,TRUE,0,3056,33,5,395,0.94
395,Mass Customer,73,12,6.429719,2,Female,NSW,Entertainment,TRUE,0,2097,61,9,396,0.9375
396,Mass Customer,66,3,4.70048,1,Female,QLD,Health,TRUE,7,4211,21,4,396,0.9375
397,High Net Worth,84,5,6.915723,2,Female,QLD,Entertainment,TRUE,0,4342,62,15,396,0.9375
398,Mass Customer,54,8,7.497762,2,Male,NSW,Health,TRUE,3,2019,81,21,396,0.9375
399,Affluent Customer,72,10,6.751101,2,Male,NSW,Financial Services,FALSE,13,2232,44,18,396,0.9375
400,Mass Customer,53,5,6.43615,2,Male,NSW,IT,FALSE,6,2487,47,12,401,0.935
401,Mass Customer,91,10,6.682109,1,Female,VIC,Financial Services,TRUE,13,3130,56,13,401,0.935
402,Mass Customer,56,7,6.873164,1,Male,VIC,Argiculture,TRUE,24,3201,68,13,401,0.935
403,Affluent Customer,80,11,6.719013,2,Male,NSW,Financial Services,TRUE,1,2223,45,17,401,0.935
404,High Net Worth,67,7,6.683361,1,Female,VIC,Manufacturing,TRUE,15,3777,46,16,405,0.93
405,Mass Customer,5,11,6.423247,0,Female,NSW,Financial Services,TRUE,0,2114,43,13,405,0.93
406,Mass Customer,21,11,7.438384,2,Male,NSW,Health,FALSE,11,2089,84,19,405,0.93
407,High Net Worth,24,7,5.897154,1,Female,VIC,Health,FALSE,24,3023,27,12,408,0.9296875
408,High Net Worth,75,10,6.111467,0,Female,VIC,Health,FALSE,0,3194,40,10,409,0.925
409,Affluent Customer,15,7,7.134094,1,Female,NSW,Argiculture,FALSE,0,2117,65,18,409,0.925
410,Mass Customer,81,8,7.447751,0,Female,NSW,Argiculture,TRUE,0,2259,77,21,409,0.925
411,Mass Customer,84,11,6.040255,1,Male,VIC,Manufacturing,FALSE,2,3106,27,14,409,0.925
412,Mass Customer,65,8,7.138867,2,Male,NSW,Manufacturing,FALSE,2,2163,69,17,409,0.925
413,High Net Worth,48,12,6.674561,2,Female,NSW,Health,FALSE,27,2035,65,11,414,0.924375
414,Mass Customer,37,9,6.756932,1,Male,NSW,Manufacturing,FALSE,0,2765,85,9,415,0.921875
415,Mass Customer,57,2,6.883463,2,Male,QLD,Argiculture,TRUE,0,4350,60,15,415,0.921875
416,Affluent Customer,57,3,7.153052,2,Male,VIC,Entertainment,FALSE,0,3350,70,17,415,0.921875
417,Mass Customer,46,3,5.63479,2,Female,NSW,Financial Services,FALSE,17,2460,34,7,418,0.918
418,Affluent Customer,76,10,3.951244,0,Male,NSW,Financial Services,TRUE,2,2009,25,1,419,0.91640625
419,Mass Customer,33,1,4.85203,2,Female,NSW,Financial Services,FALSE,9,2880,31,3,420,0.91375
420,Mass Customer,90,11,6.895683,1,Female,NSW,Property,FALSE,0,2073,75,12,420,0.91375
421,Mass Customer,97,8,6.386879,2,Male,NSW,Argiculture,TRUE,15,2250,53,10,420,0.91375
422,Mass Customer,3,9,6.030685,2,Male,NSW,Property,FALSE,20,2233,31,12,420,0.91375
423,Affluent Customer,87,5,6.206576,1,Male,VIC,Retail,FALSE,7,3818,30,15,420,0.91375
424,Mass Customer,70,9,7.36518,2,Male,NSW,Manufacturing,TRUE,6,2127,78,19,420,0.91375
425,Mass Customer,13,9,7.388328,2,Female,QLD,Financial Services,TRUE,13,4152,76,20,420,0.91375
426,Mass Customer,96,7,6.836259,1,Female,NSW,Argiculture,TRUE,4,2528,48,18,427,0.9125
427,High Net Worth,52,9,6.646391,2,Female,NSW,Manufacturing,FALSE,2,2154,54,13,427,0.9125
428,Affluent Customer,6,9,6.89467,2,Female,NSW,Property,TRUE,32,2066,46,20,429,0.91
429,Affluent Customer,51,4,6.628041,1,Female,NSW,Argiculture,FALSE,3,2720,83,8,430,0.9095
430,Mass Customer,23,8,5.501258,2,Male,NSW,Argiculture,TRUE,22,2140,48,4,430,0.9095
431,Mass Customer,58,9,6.761573,2,Female,NSW,IT,TRUE,28,2219,47,17,430,0.9095
432,Mass Customer,72,4,7.037906,2,Male,QLD,Health,FALSE,10,4650,66,16,433,0.90625
433,Affluent Customer,61,8,6.393591,2,Male,VIC,Property,FALSE,7,3156,45,12,433,0.90625
435,High Net Worth,15,7,7.06732,2,Male,VIC,Entertainment,TRUE,3,3029,50,22,436,0.903125
436,High Net Worth,37,8,5.693732,1,Male,NSW,Manufacturing,TRUE,2,2762,26,10,436,0.903125
437,Affluent Customer,28,2,5.991465,2,Male,VIC,Property,TRUE,21,3356,49,7,436,0.903125
438,Mass Customer,47,10,6.356108,2,Male,NSW,Financial Services,FALSE,0,2125,71,7,436,0.903125
440,High Net Worth,59,1,7.126891,2,Female,NSW,Entertainment,TRUE,0,2705,82,14,441,0.901
441,Affluent Customer,16,8,6.068426,2,Male,VIC,Financial Services,FALSE,6,3030,26,15,441,0.901
442,Mass Customer,30,2,6.318968,2,Female,NSW,Argiculture,TRUE,8,2650,36,14,441,0.901
443,Mass Customer,59,2,6.040255,2,Female,NSW,IT,FALSE,4,2440,59,6,444,0.9
444,Mass Customer,76,7,6.349139,0,Female,QLD,Financial Services,TRUE,40,4130,51,10,444,0.9
445,Affluent Customer,67,5,5.631212,2,Male,QLD,Financial Services,FALSE,7,4217,30,8,444,0.9
446,High Net Worth,54,11,5.981414,2,Male,VIC,Property,TRUE,24,3142,65,5,444,0.9
447,High Net Worth,83,4,6.257668,2,Female,QLD,Manufacturing,TRUE,5,4301,57,8,444,0.9
448,Affluent Customer,61,10,6.335054,1,Male,NSW,Retail,FALSE,0,2155,46,11,444,0.9
449,High Net Worth,47,10,4.644391,1,Female,NSW,Argiculture,TRUE,25,2090,25,3,450,0.9
450,Mass Customer,84,4,5.63479,1,Female,VIC,Financial Services,FALSE,24,3814,27,9,450,0.9
451,High Net Worth,0,5,6.173786,0,Female,VIC,Retail,TRUE,15,3064,31,14,450,0.9
452,High Net Worth,12,9,7.485492,2,Female,NSW,Manufacturing,FALSE,2,2114,80,21,450,0.9
453,High Net Worth,42,11,6.44572,2,Male,NSW,Financial Services,FALSE,36,2137,41,14,450,0.9
454,Mass Customer,70,11,6.553933,2,Male,NSW,Financial Services,FALSE,7,2137,38,17,455,0.8925
455,High Net Worth,21,6,6.54103,1,Female,VIC,Argiculture,FALSE,7,3810,62,10,455,0.8925
456,High Net Worth,17,3,6.761573,2,Female,QLD,Manufacturing,FALSE,9,4680,47,17,455,0.8925
457,Affluent Customer,19,8,6.590301,0,Female,QLD,Argiculture,TRUE,0,4103,51,13,455,0.8925
458,Mass Customer,60,10,7.177019,2,Female,VIC,Financial Services,FALSE,6,3141,76,16,455,0.8925
459,Affluent Customer,7,12,7.381502,0,Male,NSW,Retail,TRUE,0,2033,72,21,455,0.8925
460,Mass Customer,67,3,6.620073,1,Female,QLD,Property,TRUE,0,4301,49,14,455,0.8925
461,Mass Customer,59,9,7.426549,2,Female,NSW,Argiculture,TRUE,23,2171,83,19,455,0.8925
462,Mass Customer,24,4,6.54103,1,Female,VIC,Retail,FALSE,16,3758,76,8,455,0.8925
463,Mass Customer,56,7,5.869297,2,Male,NSW,Property,TRUE,6,2484,58,5,464,0.890625
464,Mass Customer,25,11,6.683361,2,Female,NSW,Retail,FALSE,5,2154,46,16,464,0.890625
465,High Net Worth,22,10,4.532599,0,Female,VIC,Health,TRUE,0,3109,30,2,466,0.89
466,Mass Customer,42,8,6.946976,2,Male,QLD,Financial Services,FALSE,9,4115,51,19,466,0.89
467,Mass Customer,38,7,6.914731,1,Female,NSW,Argiculture,TRUE,24,2571,52,18,468,0.88984375
468,Mass Customer,75,9,5.533389,2,Female,NSW,Argiculture,FALSE,8,2263,22,10,468,0.88984375
469,Mass Customer,50,10,5.843544,2,Female,VIC,IT,FALSE,11,3109,22,14,468,0.88984375
470,Mass Customer,50,7,5.135798,0,Female,QLD,Retail,TRUE,10,4172,33,4,471,0.8875
471,Mass Customer,95,9,6.98749,2,Male,VIC,Telecommunications,TRUE,12,3168,56,18,471,0.8875
472,Affluent Customer,9,10,5.257495,2,Male,NSW,Manufacturing,FALSE,1,2155,23,7,473,0.884
473,Affluent Customer,99,5,7.26403,2,Male,NSW,IT,TRUE,21,2322,67,20,473,0.884
474,Mass Customer,31,10,6.579251,2,Male,NSW,Entertainment,TRUE,0,2210,44,15,475,0.881875
475,Affluent Customer,7,3,5.393628,0,Male,NSW,Health,TRUE,0,2480,21,9,475,0.881875
476,Mass Customer,25,10,6.784457,2,Female,VIC,Entertainment,FALSE,19,3149,51,16,475,0.881875
477,High Net Worth,43,8,5.852202,1,Female,NSW,Financial Services,FALSE,0,2565,28,11,478,0.88
478,Mass Customer,89,9,6.769642,1,Male,NSW,Argiculture,FALSE,5,2145,66,12,478,0.88
479,High Net Worth,73,7,7.063048,2,Female,NSW,Health,FALSE,0,2145,72,15,478,0.88
480,Mass Customer,25,7,6.204558,2,Male,VIC,Health,TRUE,38,3040,44,10,478,0.88
481,Mass Customer,97,2,6.371612,2,Male,VIC,Financial Services,TRUE,9,3216,64,8,478,0.88
482,Affluent Customer,13,7,7.081709,2,Female,NSW,Retail,FALSE,33,2171,84,13,483,0.8765625
483,Mass Customer,82,7,6.851185,1,Male,NSW,Argiculture,TRUE,24,2770,62,14,483,0.8765625
484,High Net Worth,29,4,6.473891,2,Male,VIC,Manufacturing,FALSE,8,3215,53,11,485,0.8755
485,High Net Worth,46,4,7.021084,2,Male,QLD,Financial Services,TRUE,7,4305,79,13,486,0.875
486,High Net Worth,69,6,6.257668,0,Female,VIC,Financial Services,FALSE,40,3930,57,8,486,0.875
487,High Net Worth,83,3,7.056175,1,Male,QLD,Financial Services,TRUE,0,4305,57,19,486,0.875
488,High Net Worth,4,1,5.347108,1,Male,VIC,Argiculture,TRUE,25,3630,29,6,486,0.875
489,Affluent Customer,68,3,6.289716,2,Female,NSW,Argiculture,TRUE,14,2318,48,10,486,0.875
490,Mass Customer,72,9,6.289716,2,Female,NSW,Manufacturing,TRUE,11,2573,48,10,486,0.875
491,Mass Customer,56,8,6.562444,2,Female,VIC,Retail,FALSE,38,3155,58,11,492,0.87125
492,Mass Customer,55,8,4.430817,1,Female,NSW,Manufacturing,FALSE,19,2148,27,2,492,0.87125
493,Mass Customer,15,9,7.473069,1,Female,VIC,Argiculture,TRUE,24,3134,79,21,494,0.867
494,Affluent Customer,39,7,6.558198,2,Male,QLD,IT,FALSE,10,4350,46,14,495,0.86328125
495,Affluent Customer,86,10,5.693732,2,Male,NSW,Financial Services,TRUE,21,2205,26,10,495,0.86328125
496,High Net Worth,59,11,6.915723,2,Female,NSW,Property,FALSE,24,2076,71,13,495,0.86328125
497,Affluent Customer,69,4,6.931472,1,Female,NSW,Argiculture,FALSE,15,2480,63,15,498,0.860625
498,Mass Customer,56,9,5.501258,0,Female,NSW,Argiculture,FALSE,8,2160,34,6,498,0.860625
499,Mass Customer,5,5,6.733402,2,Female,QLD,Financial Services,TRUE,9,4171,69,11,500,0.86
500,Mass Customer,82,10,6.876265,2,Male,VIC,Argiculture,FALSE,2,3149,56,16,500,0.86
501,Mass Customer,27,9,6.068426,2,Male,NSW,Argiculture,TRUE,6,2009,47,8,502,0.8585
502,Affluent Customer,10,7,6.802395,2,Female,NSW,Entertainment,TRUE,0,2527,49,17,502,0.8585
503,High Net Worth,68,4,7.187657,2,Male,QLD,Retail,TRUE,18,4680,62,20,504,0.85
504,Mass Customer,30,9,6.887553,2,Female,NSW,Argiculture,TRUE,11,2281,48,19,504,0.85
505,High Net Worth,13,7,6.854355,2,Male,NSW,Argiculture,FALSE,18,2640,78,11,504,0.85
506,Affluent Customer,44,7,5.393628,0,Male,VIC,Argiculture,FALSE,12,3803,43,4,507,0.85
507,Mass Customer,94,8,6.907755,0,Female,QLD,Argiculture,TRUE,0,4014,49,19,507,0.85
508,Mass Customer,6,9,6.510258,2,Female,NSW,Manufacturing,TRUE,17,2066,47,13,507,0.85
509,Affluent Customer,41,11,6.086775,0,Male,NSW,Argiculture,FALSE,15,2035,43,9,507,0.85
510,Mass Customer,4,8,6.416732,2,Male,NSW,Financial Services,FALSE,13,2176,50,11,507,0.85
511,High Net Worth,57,9,5.783825,1,Male,VIC,Retail,FALSE,12,3152,24,12,507,0.85
512,High Net Worth,81,8,6.173786,0,Female,VIC,Manufacturing,FALSE,0,3070,47,9,513,0.8415
513,Mass Customer,94,2,6.646391,0,Female,QLD,Health,TRUE,0,4021,69,10,513,0.8415
514,Mass Customer,72,9,5.981414,2,Female,QLD,Financial Services,TRUE,1,4183,35,10,515,0.839375
515,Mass Customer,91,2,6.272877,0,Female,VIC,Manufacturing,FALSE,0,3858,52,9,515,0.839375
516,Mass Customer,75,9,4.927254,0,Male,NSW,Argiculture,TRUE,0,2010,22,5,515,0.839375
517,High Net Worth,87,8,6.579251,0,Female,QLD,Manufacturing,TRUE,0,4053,59,11,515,0.839375
518,Affluent Customer,79,4,5.783825,0,Female,NSW,Manufacturing,FALSE,0,2320,24,12,515,0.839375
519,Mass Customer,87,6,6.55108,2,Female,QLD,Retail,TRUE,3,4125,69,9,520,0.8375
520,High Net Worth,33,9,6.855409,2,Female,NSW,Manufacturing,FALSE,5,2007,72,12,520,0.8375
521,Mass Customer,42,8,6.784457,0,Male,VIC,Argiculture,TRUE,0,3796,67,12,520,0.8375
522,High Net Worth,60,12,4.59512,2,Male,NSW,Entertainment,FALSE,16,2000,32,2,520,0.8375
523,Affluent Customer,44,6,6.788972,1,Male,NSW,Argiculture,TRUE,40,2444,73,11,524,0.83671875
524,High Net Worth,79,7,5.981414,0,Male,VIC,Manufacturing,TRUE,2,3155,43,8,524,0.83671875
525,High Net Worth,11,10,6.887553,2,Male,VIC,Telecommunications,TRUE,3,3078,69,13,526,0.833
526,Mass Customer,26,12,6.802395,0,Female,VIC,Financial Services,TRUE,0,3103,59,14,526,0.833
527,Affluent Customer,97,8,6.901737,2,Male,VIC,Financial Services,FALSE,22,3190,70,13,526,0.833
528,High Net Worth,59,9,6.253829,0,Female,NSW,Argiculture,FALSE,0,2161,51,9,529,0.83
529,High Net Worth,56,11,6.927558,2,Female,NSW,IT,FALSE,23,2120,50,19,530,0.82875
530,Mass Customer,18,4,5.783825,1,Female,NSW,Argiculture,FALSE,17,2323,24,12,530,0.82875
531,Mass Customer,71,6,6.063785,2,Female,NSW,Financial Services,TRUE,16,2144,42,9,530,0.82875
532,Mass Customer,61,8,5.834811,0,Male,VIC,Retail,FALSE,0,3051,37,8,530,0.82875
533,Mass Customer,55,3,6.536692,2,Male,NSW,Financial Services,FALSE,26,2358,68,9,530,0.82875
534,High Net Worth,62,8,7.398174,2,Male,VIC,Financial Services,TRUE,35,3122,70,22,530,0.82875
535,Mass Customer,10,7,7.109879,2,Female,QLD,Financial Services,TRUE,34,4074,67,17,536,0.825
536,Mass Customer,16,6,6.579251,2,Male,NSW,Argiculture,TRUE,6,2262,44,15,536,0.825
537,Affluent Customer,62,8,6.173786,2,Male,VIC,Health,FALSE,12,3028,29,15,536,0.825
538,High Net Worth,41,7,6.579251,2,Female,VIC,Manufacturing,FALSE,32,3185,44,15,536,0.825
539,Mass Customer,37,12,5.337538,2,Female,NSW,Manufacturing,FALSE,30,2217,25,7,536,0.825
540,High Net Worth,80,10,5.869297,1,Male,NSW,Manufacturing,FALSE,2,2046,58,5,536,0.825
541,Affluent Customer,78,5,6.510258,2,Female,QLD,Manufacturing,FALSE,17,4352,47,13,536,0.825
542,Affluent Customer,10,9,6.725034,2,Female,NSW,Financial Services,FALSE,30,2168,48,16,536,0.825
543,Mass Customer,68,7,6.487684,2,Male,NSW,Manufacturing,FALSE,7,2444,72,8,544,0.8245
544,High Net Worth,60,6,4.356709,0,Male,VIC,Manufacturing,TRUE,2,3200,25,2,544,0.8245
545,Mass Customer,0,12,6.489205,1,Female,NSW,Health,FALSE,0,2111,46,13,546,0.8234375
546,Mass Customer,99,7,5.743003,2,Female,NSW,Financial Services,FALSE,1,2289,51,5,546,0.8234375
547,High Net Worth,37,10,6.234411,2,Female,NSW,Entertainment,TRUE,34,2151,50,9,546,0.8234375
548,Affluent Customer,69,9,6.327937,2,Male,NSW,Retail,FALSE,24,2750,39,13,549,0.82
549,High Net Worth,42,12,6.061457,2,Female,NSW,Financial Services,TRUE,12,2075,32,12,549,0.82
550,High Net Worth,34,9,6.291569,0,Female,VIC,Manufacturing,TRUE,26,3081,44,11,551,0.818125
551,High Net Worth,83,6,5.66296,1,Female,QLD,Financial Services,TRUE,13,4280,47,5,552,0.816
552,Mass Customer,12,3,5.857933,1,Male,QLD,Manufacturing,TRUE,0,4301,24,13,552,0.816
553,Affluent Customer,55,6,7.080026,2,Female,NSW,Financial Services,FALSE,4,2322,65,17,552,0.816
554,High Net Worth,79,8,6.006353,1,Female,NSW,Financial Services,TRUE,24,2261,28,13,555,0.8125
555,High Net Worth,23,7,5.998937,2,Male,NSW,Manufacturing,FALSE,15,2528,30,12,555,0.8125
556,High Net Worth,79,3,6.590301,2,Male,VIC,Financial Services,FALSE,1,3335,51,13,555,0.8125
557,High Net Worth,46,9,6.040255,1,Male,NSW,Manufacturing,FALSE,0,2526,29,13,555,0.8125
558,High Net Worth,70,12,6.54103,2,Male,NSW,Manufacturing,FALSE,2,2158,76,8,555,0.8125
559,High Net Worth,60,6,6.943122,2,Male,NSW,Manufacturing,FALSE,18,2263,73,13,555,0.8125
560,Mass Customer,15,3,6.929517,2,Male,QLD,Argiculture,FALSE,22,4701,72,13,561,0.81015625
561,Mass Customer,80,8,6.040255,1,Female,QLD,Property,FALSE,0,4131,69,5,562,0.81
562,Mass Customer,4,10,6.040255,2,Male,QLD,Financial Services,TRUE,28,4520,29,13,563,0.8075
563,Affluent Customer,67,10,6.682109,2,Male,NSW,Health,FALSE,6,2090,56,13,563,0.8075
564,Affluent Customer,87,9,7.278629,2,Female,NSW,Retail,TRUE,33,2567,68,20,563,0.8075
565,High Net Worth,73,6,7.006695,2,Male,NSW,Financial Services,TRUE,0,2142,68,15,563,0.8075
566,High Net Worth,17,10,6.659294,2,Female,NSW,Telecommunications,TRUE,28,2030,59,12,563,0.8075
567,Mass Customer,40,7,6.345636,0,Male,VIC,Argiculture,TRUE,0,3177,37,14,568,0.8
568,Mass Customer,81,1,6.204558,2,Male,QLD,Entertainment,FALSE,0,4717,32,14,568,0.8
569,Mass Customer,66,7,4.234107,0,Female,QLD,Manufacturing,TRUE,2,4213,22,2,568,0.8
570,Mass Customer,53,8,6.969791,2,Female,NSW,Financial Services,TRUE,22,2570,55,18,568,0.8
571,Mass Customer,81,9,7.381502,2,Male,NSW,Entertainment,TRUE,0,2258,72,21,568,0.8
572,Mass Customer,1,8,7.239933,2,Male,NSW,Financial Services,FALSE,30,2766,81,16,568,0.8
573,High Net Worth,49,7,7.021976,2,Female,VIC,Property,TRUE,24,3029,58,18,574,0.799
575,Mass Customer,66,7,4.867534,0,Female,NSW,Argiculture,FALSE,0,2560,25,4,575,0.796875
576,Affluent Customer,90,2,6.473891,0,Male,VIC,Financial Services,FALSE,40,3350,80,7,575,0.796875
577,High Net Worth,33,9,6.173786,0,Male,NSW,Financial Services,TRUE,40,2160,47,9,575,0.796875
578,Mass Customer,64,9,5.886104,1,Female,NSW,Retail,FALSE,7,2145,29,11,575,0.796875
579,Mass Customer,75,8,6.040255,0,Male,VIC,Argiculture,TRUE,0,3133,29,13,575,0.796875
580,Mass Customer,47,10,6.416732,2,Female,NSW,Telecommunications,FALSE,2,2028,50,11,575,0.796875
581,High Net Worth,3,8,6.165418,2,Female,QLD,Manufacturing,TRUE,18,4551,33,13,582,0.79
582,Affluent Customer,2,11,4.976734,0,Female,NSW,Argiculture,TRUE,0,2111,28,4,583,0.7875
583,Mass Customer,9,7,5.817111,1,Male,NSW,Health,TRUE,10,2574,27,11,583,0.7875
584,Mass Customer,26,1,6.688355,2,Female,VIC,Health,FALSE,3,3585,72,10,583,0.7875
585,Affluent Customer,27,3,7.226936,2,Female,VIC,Manufacturing,FALSE,4,3677,85,15,583,0.7875
586,Affluent Customer,32,6,6.040255,2,Male,QLD,Health,FALSE,39,4132,27,14,587,0.78625
587,Affluent Customer,95,8,4.094345,1,Male,QLD,Financial Services,TRUE,1,4006,29,1,587,0.78625
588,High Net Worth,83,8,6.836259,2,Male,NSW,Health,FALSE,24,2539,48,18,587,0.78625
589,High Net Worth,39,7,6.50129,0,Female,VIC,Manufacturing,TRUE,28,3037,36,17,590,0.78359375
590,Mass Customer,1,6,6.204558,1,Male,VIC,Manufacturing,FALSE,2,3977,44,10,591,0.782
591,Affluent Customer,44,8,5.971262,1,Female,VIC,Retail,TRUE,1,3020,27,13,591,0.782
592,Mass Customer,83,5,6.156979,2,Male,VIC,Financial Services,FALSE,9,3029,58,7,591,0.782
593,Mass Customer,13,8,7.278629,2,Male,NSW,Property,FALSE,1,2753,68,20,594,0.78125
594,Affluent Customer,21,3,6.12905,0,Female,VIC,Financial Services,TRUE,40,3174,50,8,595,0.775625
595,Mass Customer,6,8,6.58755,0,Female,VIC,Argiculture,TRUE,10,3032,65,10,595,0.775625
596,Mass Customer,57,5,6.109248,0,Male,NSW,Argiculture,TRUE,40,2323,44,9,595,0.775625
597,High Net Worth,29,11,4.094345,2,Male,NSW,Entertainment,FALSE,0,2126,29,1,595,0.775625
599,Mass Customer,59,12,7.150701,1,Female,NSW,Argiculture,FALSE,0,2096,84,14,599,0.775
600,Affluent Customer,63,9,6.104793,2,Male,NSW,Financial Services,TRUE,9,2097,27,15,599,0.775
601,Affluent Customer,68,11,5.780744,0,Male,NSW,Health,TRUE,0,2103,26,11,602,0.7735
602,Mass Customer,45,7,6.329721,1,Female,QLD,Manufacturing,TRUE,7,4113,50,10,603,0.7703125
603,Affluent Customer,93,7,6.54103,0,Male,VIC,Argiculture,TRUE,0,3163,62,10,604,0.765
604,Affluent Customer,27,10,6.625392,2,Female,VIC,IT,TRUE,15,3129,57,12,604,0.765
605,Affluent Customer,33,9,7.278629,2,Female,NSW,Argiculture,FALSE,29,2763,68,20,606,0.765
606,Mass Customer,96,8,7.278629,2,Male,NSW,Manufacturing,TRUE,36,2750,68,20,606,0.765
607,Mass Customer,80,6,6.371612,2,Female,NSW,Manufacturing,TRUE,35,2800,44,12,606,0.765
608,Mass Customer,70,8,5.780744,1,Male,NSW,Health,TRUE,17,2477,53,5,609,0.7625
609,Mass Customer,94,8,5.560682,0,Female,NSW,Manufacturing,TRUE,26,2168,25,9,609,0.7625
610,High Net Worth,65,7,6.683361,2,Male,QLD,Property,FALSE,12,4157,46,16,609,0.7625
611,Mass Customer,88,3,6.086775,1,Female,QLD,Property,TRUE,0,4114,54,7,612,0.75703125
612,Affluent Customer,29,8,7.194437,2,Male,NSW,Health,TRUE,3,2148,73,17,612,0.75703125
613,Mass Customer,37,8,6.99851,2,Male,VIC,Retail,TRUE,38,3782,72,14,612,0.75703125
614,Mass Customer,63,9,6.401917,2,Female,NSW,IT,FALSE,6,2177,66,8,615,0.7565
615,Mass Customer,62,12,6.056784,1,Male,NSW,Health,TRUE,19,2070,60,6,615,0.7565
616,Affluent Customer,47,11,7.109879,2,Female,NSW,Property,TRUE,24,2049,67,17,617,0.754375
617,Mass Customer,49,7,6.12905,2,Female,QLD,Manufacturing,FALSE,2,4020,50,8,617,0.754375
618,High Net Worth,61,9,7.007601,0,Female,NSW,Retail,FALSE,0,2161,64,16,617,0.754375
619,Mass Customer,22,4,6.086775,0,Female,QLD,Financial Services,TRUE,0,4132,54,7,620,0.75
620,Mass Customer,88,2,6.180017,2,Male,NSW,Financial Services,TRUE,17,2460,68,6,620,0.75
621,Mass Customer,62,9,7.566311,0,Female,NSW,Argiculture,TRUE,0,2161,83,22,620,0.75
622,Mass Customer,31,7,5.455321,1,Male,QLD,Manufacturing,TRUE,2,4032,25,8,620,0.75
623,Mass Customer,11,9,7.038784,2,Male,QLD,Health,FALSE,27,4500,56,19,620,0.75
624,Affluent Customer,97,9,5.950643,1,Female,QLD,Manufacturing,TRUE,2,4128,63,5,625,0.748
625,Affluent Customer,51,9,5.379897,1,Male,NSW,Manufacturing,TRUE,21,2147,30,6,626,0.74375
626,Affluent Customer,17,7,6.011267,0,Female,VIC,Argiculture,TRUE,0,3199,50,7,626,0.74375
627,Mass Customer,30,7,6.44572,2,Male,QLD,Manufacturing,FALSE,28,4221,62,9,626,0.74375
628,Affluent Customer,42,2,7.081709,1,Male,NSW,Property,TRUE,0,2400,84,13,626,0.74375
629,Mass Customer,7,9,6.841615,2,Male,NSW,Argiculture,FALSE,1,2062,77,11,626,0.74375
630,High Net Worth,43,7,6.444131,0,Male,NSW,Argiculture,TRUE,0,2782,36,16,626,0.74375
631,Mass Customer,86,5,7.017506,1,Female,QLD,Health,TRUE,0,4503,61,17,632,0.74
632,Mass Customer,3,8,6.530878,2,Female,VIC,Financial Services,TRUE,18,3175,48,13,632,0.74
633,Mass Customer,88,6,5.860786,2,Male,QLD,Retail,FALSE,12,4207,26,12,634,0.7395
634,Mass Customer,96,5,7.081709,2,Male,QLD,Financial Services,TRUE,0,4503,69,16,634,0.7395
635,High Net Worth,23,1,7.248504,1,Male,VIC,Health,FALSE,0,3690,73,18,634,0.7395
636,High Net Worth,97,10,6.025866,1,Male,NSW,Retail,FALSE,26,2197,45,8,637,0.7375
637,Affluent Customer,31,6,6.733402,2,Female,VIC,Financial Services,TRUE,34,3152,69,11,637,0.7375
638,Affluent Customer,70,10,6.943122,0,Female,NSW,Retail,TRUE,0,2196,73,13,637,0.7375
639,Affluent Customer,18,8,6.768493,2,Female,VIC,Retail,FALSE,39,3143,57,14,637,0.7375
640,High Net Worth,96,7,6.222576,2,Female,QLD,Argiculture,FALSE,32,4000,55,8,641,0.734375
641,Mass Customer,42,8,6.352629,2,Male,NSW,Property,FALSE,15,2525,40,13,642,0.733125
642,Affluent Customer,48,3,6.040255,1,Female,QLD,Manufacturing,FALSE,28,4132,27,14,643,0.731
643,Mass Customer,82,11,6.692084,2,Male,NSW,Manufacturing,FALSE,18,2046,61,12,644,0.73046875
644,Affluent Customer,51,8,6.81564,1,Female,VIC,Argiculture,FALSE,12,3175,47,18,644,0.73046875
645,High Net Worth,38,8,7.138867,2,Female,NSW,Argiculture,TRUE,6,2558,83,14,646,0.73
646,Affluent Customer,93,9,5.159055,2,Male,NSW,Retail,TRUE,32,2148,28,5,646,0.73
647,Mass Customer,24,9,6.651572,2,Male,NSW,Financial Services,FALSE,13,2127,42,17,648,0.725
648,Mass Customer,18,9,7.179308,1,Female,QLD,Health,TRUE,0,4030,81,15,648,0.725
649,High Net Worth,58,5,7.022868,1,Male,NSW,Manufacturing,TRUE,0,2477,65,16,648,0.725
650,Mass Customer,42,8,5.375278,0,Male,NSW,Argiculture,FALSE,16,2750,35,5,651,0.7225
651,Mass Customer,29,7,6.068426,0,Male,NSW,Argiculture,TRUE,0,2281,47,8,651,0.7225
652,Mass Customer,98,9,3.988984,0,Female,VIC,Retail,TRUE,9,3178,26,1,653,0.71875
653,Mass Customer,86,5,7.080026,1,Female,VIC,Manufacturing,TRUE,2,3976,65,17,653,0.71875
654,High Net Worth,11,12,7.063048,1,Female,VIC,Manufacturing,TRUE,26,3083,72,15,655,0.7171875
655,Mass Customer,2,12,7.377759,2,Female,NSW,Financial Services,TRUE,26,2047,79,19,655,0.7171875
656,High Net Worth,6,6,6.371612,1,Female,VIC,Manufacturing,TRUE,24,3163,38,14,657,0.714
657,Affluent Customer,34,7,6.709304,0,Female,NSW,Manufacturing,TRUE,0,2011,81,9,658,0.7125
658,Affluent Customer,25,5,6.794587,1,Female,VIC,Financial Services,TRUE,13,3060,46,18,658,0.7125
659,Mass Customer,12,3,6.858565,2,Male,VIC,Financial Services,FALSE,3,3816,55,16,658,0.7125
660,High Net Worth,73,11,5.411646,1,Male,VIC,Financial Services,FALSE,10,3150,31,6,658,0.7125
661,Affluent Customer,94,8,7.21891,2,Male,NSW,Manufacturing,TRUE,1,2766,64,20,662,0.711875
662,High Net Worth,50,8,6.617403,0,Female,VIC,Financial Services,TRUE,0,3198,43,16,662,0.711875
663,High Net Worth,59,11,7.321189,2,Female,NSW,Health,FALSE,4,2130,83,17,662,0.711875
665,Mass Customer,13,7,6.556778,2,Male,NSW,Property,FALSE,0,2259,63,10,666,0.71
666,Mass Customer,41,7,6.723832,2,Female,VIC,Telecommunications,FALSE,17,3029,63,12,666,0.71
667,High Net Worth,42,7,7.414573,2,Female,VIC,Financial Services,FALSE,7,3444,82,19,668,0.7055
668,High Net Worth,52,8,6.173786,0,Male,NSW,Argiculture,TRUE,0,2145,47,9,668,0.7055
669,Mass Customer,50,2,7.047517,2,Female,QLD,Financial Services,TRUE,2,4304,49,22,668,0.7055
670,High Net Worth,3,10,6.476972,2,Male,VIC,Entertainment,FALSE,0,3130,64,9,668,0.7055
671,Affluent Customer,45,6,6.769642,2,Female,QLD,Retail,FALSE,28,4516,66,12,672,0.70390625
672,High Net Worth,5,11,6.866933,2,Female,NSW,Health,FALSE,27,2137,79,11,672,0.70390625
673,Mass Customer,20,8,7.26403,1,Male,NSW,Argiculture,TRUE,26,2500,67,20,674,0.703125
674,Mass Customer,23,9,7.375256,2,Female,VIC,Manufacturing,FALSE,15,3020,83,18,674,0.703125
675,High Net Worth,73,9,6.692084,1,Female,NSW,Health,FALSE,0,2122,61,12,676,0.70125
676,Mass Customer,8,10,7.367709,2,Female,NSW,Health,FALSE,7,2756,71,21,676,0.70125
677,Mass Customer,99,8,6.833032,2,Male,NSW,Financial Services,FALSE,5,2763,57,15,676,0.70125
678,Mass Customer,36,9,4.941642,0,Female,NSW,Health,FALSE,2,2141,27,4,676,0.70125
679,Mass Customer,93,12,6.068426,1,Male,NSW,Retail,TRUE,7,2093,53,7,676,0.70125
680,Affluent Customer,70,7,5.63479,2,Female,NSW,Property,TRUE,5,2251,27,9,676,0.70125
681,Affluent Customer,17,9,6.895683,2,Male,QLD,Retail,FALSE,7,4032,75,12,682,0.7
682,Mass Customer,25,7,6.326149,2,Female,QLD,Manufacturing,TRUE,1,4178,42,12,682,0.7
683,Mass Customer,98,1,6.226537,0,Female,NSW,Health,TRUE,0,2880,45,10,684,0.7
684,High Net Worth,58,2,5.929589,2,Male,VIC,Retail,FALSE,23,3860,46,7,684,0.7
685,Mass Customer,95,6,5.170484,2,Female,NSW,Entertainment,TRUE,0,2142,43,3,684,0.7
686,Mass Customer,67,8,4.465908,0,Male,QLD,Financial Services,TRUE,0,4075,28,2,684,0.7
687,Mass Customer,22,9,6.903747,2,Male,NSW,Manufacturing,FALSE,30,2171,82,11,688,0.697
688,High Net Worth,92,4,6.298949,1,Female,QLD,Health,FALSE,0,4508,31,16,688,0.697
689,High Net Worth,69,9,6.533789,0,Male,NSW,Health,TRUE,0,2121,85,7,688,0.697
690,Affluent Customer,53,8,5.257495,0,Female,VIC,Financial Services,TRUE,19,3216,31,5,691,0.690625
691,Mass Customer,42,8,6.467699,0,Male,NSW,Argiculture,TRUE,0,2298,45,13,691,0.690625
692,Affluent Customer,70,9,6.876265,2,Male,NSW,Financial Services,FALSE,15,2077,50,18,691,0.690625
693,Mass Customer,96,5,6.55108,2,Male,QLD,Financial Services,FALSE,7,4078,69,9,691,0.690625
694,High Net Worth,68,4,6.740519,2,Male,NSW,Property,TRUE,5,2323,46,17,691,0.690625
695,Mass Customer,91,9,6.135565,2,Male,NSW,Retail,TRUE,17,2166,32,13,691,0.690625
696,High Net Worth,75,3,7.248504,2,Female,QLD,Argiculture,FALSE,8,4211,73,18,691,0.690625
697,Mass Customer,31,8,6.269096,0,Male,NSW,Manufacturing,FALSE,0,2290,65,7,698,0.69
698,High Net Worth,12,12,6.708084,2,Female,NSW,Argiculture,FALSE,12,2069,62,12,698,0.69
699,High Net Worth,8,3,5.991465,2,Female,QLD,Manufacturing,FALSE,12,4209,49,7,700,0.6875
700,High Net Worth,44,8,5.840642,0,Female,NSW,Health,TRUE,0,2560,42,7,700,0.6875
701,High Net Worth,39,11,6.530878,2,Female,NSW,Telecommunications,FALSE,16,2110,48,13,700,0.6875
702,Mass Customer,97,8,6.023448,1,Male,NSW,Manufacturing,FALSE,2,2759,58,6,700,0.6875
703,Mass Customer,44,9,6.570883,1,Female,QLD,Financial Services,FALSE,0,4102,50,13,700,0.6875
704,Affluent Customer,37,7,7.258412,0,Female,VIC,Health,TRUE,0,3759,70,19,700,0.6875
705,High Net Worth,99,11,7.123673,2,Female,NSW,Financial Services,FALSE,1,2230,72,16,700,0.6875
706,Mass Customer,27,8,6.376727,1,Male,VIC,Financial Services,FALSE,0,3158,48,11,700,0.6875
707,Mass Customer,18,5,6.553933,2,Male,NSW,Health,TRUE,3,2541,77,8,708,0.68
708,Mass Customer,64,7,4.317488,0,Female,NSW,Financial Services,FALSE,0,2141,24,2,708,0.68
709,Affluent Customer,57,8,6.659294,1,Male,NSW,Health,TRUE,0,2747,51,14,708,0.68
710,Mass Customer,85,8,5.991465,1,Female,VIC,Financial Services,TRUE,5,3028,39,9,708,0.68
711,Mass Customer,14,9,5.659482,1,Male,QLD,Financial Services,TRUE,0,4055,40,6,708,0.68
712,Affluent Customer,28,2,6.914731,1,Male,QLD,Argiculture,TRUE,2,4650,52,18,708,0.68
713,Mass Customer,47,3,6.782192,2,Female,QLD,Retail,FALSE,10,4304,48,17,708,0.68
714,High Net Worth,74,11,6.869014,2,Female,NSW,Financial Services,FALSE,10,2016,73,12,715,0.67734375
715,Mass Customer,82,2,6.508769,2,Female,NSW,Telecommunications,TRUE,8,2470,60,10,715,0.67734375
716,Affluent Customer,8,7,5.686975,0,Male,VIC,Argiculture,TRUE,40,3782,58,4,715,0.67734375
717,Mass Customer,26,10,6.363028,2,Female,QLD,Health,TRUE,8,4879,57,9,715,0.67734375
718,Affluent Customer,15,9,5.480639,0,Female,VIC,Health,TRUE,3,3184,23,9,719,0.675
719,Mass Customer,71,9,6.139885,1,Male,NSW,Financial Services,TRUE,0,2114,57,7,719,0.675
720,Mass Customer,12,4,5.620401,2,Male,NSW,Manufacturing,FALSE,9,2560,45,5,719,0.675
721,Mass Customer,71,8,5.743003,1,Male,NSW,Argiculture,TRUE,12,2750,51,5,722,0.6715
722,Mass Customer,36,6,6.967909,2,Male,VIC,Manufacturing,FALSE,11,3030,58,17,722,0.6715
723,Affluent Customer,40,11,6.94119,2,Female,VIC,IT,TRUE,12,3067,46,21,724,0.67
724,Mass Customer,54,9,6.405228,0,Female,NSW,Argiculture,TRUE,8,2199,54,10,725,0.669375
725,Mass Customer,83,9,6.822197,1,Male,VIC,Argiculture,FALSE,9,3437,53,16,725,0.669375
726,High Net Worth,37,10,5.598422,1,Male,NSW,Argiculture,TRUE,4,2209,26,9,725,0.669375
727,Mass Customer,75,7,5.831882,2,Male,NSW,Property,TRUE,16,2480,30,10,725,0.669375
728,Affluent Customer,28,11,6.784457,1,Male,NSW,Health,TRUE,0,2121,67,12,725,0.669375
729,Affluent Customer,60,9,6.960348,1,Female,NSW,Health,TRUE,10,2128,61,16,725,0.669375
730,Mass Customer,87,10,5.780744,2,Male,NSW,IT,TRUE,3,2042,26,11,731,0.6640625
731,Mass Customer,40,5,5.257495,1,Female,QLD,Manufacturing,TRUE,24,4165,31,5,731,0.6640625
732,Mass Customer,94,9,6.672033,1,Female,QLD,Argiculture,TRUE,8,4217,78,9,733,0.6625
733,Mass Customer,35,2,6.269096,2,Male,QLD,Financial Services,FALSE,28,4408,32,15,733,0.6625
734,Mass Customer,17,9,5.55296,1,Male,NSW,Manufacturing,TRUE,2,2147,42,5,733,0.6625
735,Mass Customer,11,7,5.828946,0,Male,QLD,Argiculture,TRUE,2,4000,33,9,733,0.6625
736,Mass Customer,68,7,6.006353,1,Female,QLD,Health,TRUE,10,4212,57,6,733,0.6625
737,High Net Worth,52,7,7.001246,2,Male,QLD,Argiculture,TRUE,4,4352,60,17,733,0.6625
738,High Net Worth,48,9,6.725034,2,Male,NSW,Manufacturing,FALSE,2,2093,48,16,739,0.66
739,Affluent Customer,42,1,7.339538,2,Female,QLD,IT,TRUE,1,4301,76,19,739,0.66
740,High Net Worth,49,5,6.745236,2,Female,QLD,Telecommunications,FALSE,0,4165,84,9,741,0.65875
741,Mass Customer,68,9,6.39693,2,Male,NSW,Financial Services,TRUE,13,2134,49,11,741,0.65875
742,Mass Customer,97,6,5.533389,0,Male,VIC,Financial Services,TRUE,28,3977,22,10,741,0.65875
743,Affluent Customer,70,9,7.221105,2,Female,QLD,Property,TRUE,32,4575,75,17,744,0.65625
744,Mass Customer,87,2,5.743003,2,Male,NSW,Entertainment,FALSE,26,2650,25,11,744,0.65625
745,Affluent Customer,43,10,6.068426,2,Male,NSW,Retail,FALSE,6,2155,47,8,744,0.65625
746,Mass Customer,86,3,5.863631,1,Female,QLD,Financial Services,FALSE,0,4305,43,7,747,0.6545
747,Mass Customer,25,7,5.918894,2,Female,QLD,Entertainment,TRUE,0,4115,61,5,748,0.65078125
748,Mass Customer,99,9,6.982863,2,Male,QLD,Financial Services,TRUE,12,4130,48,21,748,0.65078125
749,Affluent Customer,7,12,6.455199,2,Female,NSW,Retail,FALSE,11,2066,52,11,750,0.65
750,Mass Customer,33,2,7.348588,0,Male,VIC,Retail,TRUE,40,3338,73,20,751,0.648125
752,Mass Customer,45,9,6.931472,0,Female,VIC,Financial Services,TRUE,0,3030,63,15,751,0.648125
753,Mass Customer,35,8,6.910751,2,Male,NSW,Health,FALSE,0,2140,58,16,754,0.646
754,Mass Customer,87,7,6.476972,1,Female,VIC,Argiculture,FALSE,5,3844,49,12,755,0.64
755,Affluent Customer,80,5,6.405228,1,Male,QLD,Health,FALSE,0,4034,54,10,755,0.64
756,Affluent Customer,22,6,5.278115,0,Male,VIC,Financial Services,TRUE,40,3174,27,6,755,0.64
757,Mass Customer,32,11,5.877736,1,Female,NSW,Financial Services,TRUE,5,2036,50,6,755,0.64
758,High Net Worth,69,7,6.628041,2,Male,NSW,Health,FALSE,27,2090,41,17,755,0.64
759,High Net Worth,79,4,6.719013,0,Female,NSW,Health,FALSE,0,2640,45,17,760,0.6375
760,Affluent Customer,51,3,7.003065,2,Male,QLD,Retail,FALSE,0,4178,49,21,760,0.6375
761,Mass Customer,5,7,5.690359,2,Male,QLD,Property,FALSE,10,4556,36,7,760,0.6375
762,Affluent Customer,6,1,7.137278,2,Male,QLD,Argiculture,FALSE,6,4701,73,16,760,0.6375
763,Affluent Customer,52,12,5.288267,1,Male,NSW,Financial Services,FALSE,28,2025,21,8,760,0.6375
764,Affluent Customer,93,9,6.486161,1,Male,VIC,Entertainment,TRUE,0,3172,40,15,760,0.6375
765,High Net Worth,37,7,6.64379,2,Male,QLD,Manufacturing,TRUE,22,4561,63,11,760,0.6375
766,Affluent Customer,89,4,5.4161,1,Male,NSW,Health,FALSE,3,2323,24,8,760,0.6375
767,Affluent Customer,4,8,5.472271,1,Female,NSW,Manufacturing,TRUE,17,2232,33,6,760,0.6375
768,Mass Customer,11,10,6.363028,1,Female,NSW,Retail,TRUE,7,2232,57,9,760,0.6375
769,High Net Worth,86,6,7.093405,0,Female,QLD,Argiculture,TRUE,0,4500,85,13,760,0.6375
770,Mass Customer,86,8,7.466228,2,Female,VIC,Entertainment,FALSE,0,3046,75,22,760,0.6375
771,Affluent Customer,23,3,5.273,1,Female,NSW,Health,FALSE,16,2420,38,4,760,0.6375
772,High Net Worth,47,8,6.565265,2,Male,NSW,Manufacturing,TRUE,8,2170,70,9,773,0.63
773,Mass Customer,11,9,5.164786,0,Female,VIC,Retail,TRUE,26,3013,34,4,774,0.626875
774,High Net Worth,46,10,5.831882,2,Male,NSW,Financial Services,FALSE,7,2231,30,10,774,0.626875
776,Mass Customer,73,9,6.291569,2,Female,VIC,Retail,TRUE,29,3170,35,14,774,0.626875
777,Affluent Customer,38,10,7.004882,2,Female,NSW,Entertainment,FALSE,0,2046,57,18,778,0.625
778,Mass Customer,40,8,5.897154,0,Male,NSW,Manufacturing,TRUE,0,2528,51,6,778,0.625
779,Mass Customer,46,12,5.278115,1,Female,VIC,Argiculture,TRUE,29,3204,27,6,780,0.62421875
780,Mass Customer,30,10,6.159095,1,Female,NSW,Health,FALSE,0,2042,42,10,780,0.62421875
781,Affluent Customer,35,5,6.49224,2,Female,QLD,Financial Services,TRUE,6,4818,59,10,782,0.6205
782,High Net Worth,55,10,6.431331,1,Male,VIC,Manufacturing,FALSE,10,3147,68,8,782,0.6205
783,Mass Customer,98,9,6.030685,1,Male,NSW,Health,FALSE,0,2019,31,12,782,0.6205
784,Affluent Customer,66,10,5.703782,1,Male,NSW,Manufacturing,FALSE,24,2230,29,9,785,0.62
785,High Net Worth,89,10,6.165418,1,Male,NSW,Health,FALSE,15,2166,67,6,786,0.61625
786,High Net Worth,48,12,6.689599,1,Female,VIC,Health,TRUE,10,3147,66,11,786,0.61625
787,High Net Worth,1,10,5.817111,2,Male,NSW,IT,FALSE,12,2082,41,7,788,0.6125
788,Affluent Customer,49,2,6.086775,2,Female,QLD,Financial Services,FALSE,13,4740,43,9,788,0.6125
789,Mass Customer,32,10,5.768321,1,Female,NSW,Manufacturing,TRUE,2,2234,31,9,788,0.6125
790,Affluent Customer,93,6,6.39693,1,Female,NSW,Health,TRUE,10,2292,49,11,791,0.612
791,Mass Customer,4,10,6.011267,2,Male,VIC,Property,FALSE,26,3109,50,7,791,0.612
792,High Net Worth,79,6,7.192934,2,Female,NSW,Entertainment,FALSE,0,2195,69,18,793,0.6109375
793,Mass Customer,21,12,6.536692,2,Male,NSW,Health,FALSE,4,2135,68,9,794,0.605625
794,Affluent Customer,61,9,6.929517,2,Female,NSW,Health,FALSE,3,2099,72,13,795,0.6035
795,Mass Customer,1,2,6.405228,2,Male,QLD,Manufacturing,FALSE,10,4350,54,10,795,0.6035
796,Mass Customer,47,12,6.6995,2,Female,VIC,Financial Services,TRUE,37,3101,57,13,797,0.6
797,Mass Customer,7,9,7.019297,2,Male,NSW,Health,FALSE,8,2759,85,12,797,0.6
798,Affluent Customer,0,9,6.400257,2,Female,NSW,Manufacturing,FALSE,3,2256,42,13,797,0.6
799,Affluent Customer,77,10,7.452982,2,Male,NSW,Manufacturing,FALSE,2,2232,74,22,797,0.6
800,High Net Worth,64,8,6.628041,0,Female,NSW,Manufacturing,FALSE,0,2170,41,17,801,0.59765625
801,Mass Customer,25,11,6.620073,1,Female,NSW,Health,TRUE,28,2107,49,14,801,0.59765625
802,Mass Customer,77,10,6.269096,2,Female,NSW,Health,FALSE,27,2010,43,11,801,0.59765625
803,Mass Customer,79,5,7.381502,2,Male,QLD,Manufacturing,FALSE,12,4165,72,21,804,0.595
804,Mass Customer,71,8,6.828712,1,Male,NSW,Argiculture,TRUE,8,2536,76,11,804,0.595
805,High Net Worth,12,7,7.321189,2,Female,VIC,Manufacturing,FALSE,6,3981,71,20,804,0.595
806,Affluent Customer,83,9,6.927558,2,Male,QLD,Financial Services,FALSE,28,4557,59,16,804,0.595
807,High Net Worth,67,11,7.521859,2,Male,NSW,Financial Services,FALSE,24,2226,83,21,808,0.595
808,Mass Customer,94,7,5.834811,2,Male,NSW,Financial Services,FALSE,13,2770,37,8,808,0.595
809,Affluent Customer,46,6,6.915723,0,Female,VIC,Financial Services,FALSE,0,3046,62,15,810,0.5875
810,Affluent Customer,94,10,6.327937,2,Female,NSW,Financial Services,TRUE,31,2193,55,9,810,0.5875
811,Mass Customer,69,1,7.41397,2,Male,QLD,Manufacturing,FALSE,2,4127,78,20,810,0.5875
812,Affluent Customer,39,7,6.131226,1,Female,NSW,Manufacturing,TRUE,2,2261,45,9,810,0.5875
813,High Net Worth,72,4,6.269096,0,Male,VIC,Financial Services,TRUE,0,3690,32,15,810,0.5875
814,High Net Worth,61,5,7.398174,2,Female,QLD,Argiculture,FALSE,15,4170,70,22,810,0.5875
815,Affluent Customer,34,7,4.564348,1,Male,NSW,Argiculture,FALSE,6,2146,23,3,810,0.5875
816,Mass Customer,38,8,5.950643,1,Male,QLD,Health,FALSE,0,4556,63,5,817,0.5865
817,Mass Customer,42,10,7.321189,2,Male,NSW,Health,TRUE,35,2291,83,17,817,0.5865
818,Affluent Customer,1,10,6.967909,2,Male,VIC,Financial Services,FALSE,29,3121,58,17,817,0.5865
819,Affluent Customer,65,8,6.263398,1,Male,VIC,Financial Services,FALSE,0,3073,34,14,820,0.584375
820,High Net Worth,96,8,6.148468,2,Male,VIC,Manufacturing,FALSE,12,3163,35,12,820,0.584375
821,Affluent Customer,70,8,6.719013,2,Male,VIC,Manufacturing,FALSE,29,3174,45,17,820,0.584375
822,Mass Customer,46,8,6.768493,2,Male,NSW,Argiculture,TRUE,29,2194,57,14,820,0.584375
823,Mass Customer,36,7,6.683361,2,Male,QLD,Argiculture,FALSE,33,4280,46,16,820,0.584375
824,Mass Customer,11,8,6.011267,0,Female,NSW,Financial Services,TRUE,40,2251,50,7,820,0.584375
825,Mass Customer,43,6,6.272877,1,Female,VIC,Financial Services,FALSE,13,3337,52,9,820,0.584375
826,Mass Customer,21,9,4.976734,1,Male,NSW,Argiculture,FALSE,12,2528,28,4,820,0.584375
827,High Net Worth,49,8,5.480639,1,Female,QLD,Argiculture,FALSE,36,4122,23,9,828,0.58
828,High Net Worth,60,7,6.866933,1,Female,NSW,Health,TRUE,10,2620,59,15,828,0.58
829,Mass Customer,67,12,5.257495,2,Female,NSW,Financial Services,TRUE,1,2092,31,5,830,0.578
830,Affluent Customer,24,4,6.692084,1,Female,VIC,Health,FALSE,10,3356,61,12,830,0.578
831,High Net Worth,29,11,5.541264,2,Female,NSW,Property,TRUE,14,2156,50,4,832,0.575
832,Mass Customer,66,10,6.440947,2,Female,NSW,IT,TRUE,0,2026,56,10,832,0.575
833,High Net Worth,56,5,6.612041,1,Male,VIC,Manufacturing,FALSE,2,3216,61,11,832,0.575
834,Mass Customer,79,7,6.883463,2,Male,QLD,Financial Services,FALSE,38,4211,60,15,832,0.575
836,Affluent Customer,79,8,5.886104,2,Male,QLD,Manufacturing,TRUE,18,4556,44,7,832,0.575
837,Mass Customer,7,10,6.929517,1,Male,VIC,Argiculture,TRUE,5,3105,72,13,838,0.57375
838,Mass Customer,66,8,5.480639,1,Male,NSW,Argiculture,FALSE,24,2066,29,7,838,0.57375
839,Mass Customer,94,8,6.927558,2,Male,NSW,Argiculture,FALSE,25,2259,84,11,840,0.57109375
840,Mass Customer,74,8,7.326466,1,Male,NSW,Argiculture,TRUE,0,2761,75,19,840,0.57109375
841,Affluent Customer,47,12,6.291569,0,Male,NSW,Argiculture,FALSE,0,2071,44,11,842,0.57
842,High Net Worth,79,7,6.135565,2,Female,NSW,Property,TRUE,3,2567,65,6,843,0.5695
843,Mass Customer,25,9,5.700444,2,Female,NSW,Financial Services,FALSE,9,2211,22,12,843,0.5695
844,Mass Customer,21,4,6.011267,2,Female,QLD,Retail,FALSE,2,4300,50,7,845,0.563125
845,Mass Customer,22,5,4.787492,1,Male,NSW,Manufacturing,FALSE,2,2148,29,3,845,0.563125
846,Mass Customer,60,8,4.75359,0,Female,QLD,Argiculture,TRUE,28,4102,28,3,845,0.563125
847,Mass Customer,42,8,5.529429,1,Male,VIC,Financial Services,TRUE,13,3226,41,5,845,0.563125
848,High Net Worth,62,7,5.693732,0,Female,NSW,Health,TRUE,10,2444,26,10,845,0.563125
849,High Net Worth,66,4,6.769642,2,Male,QLD,Telecommunications,FALSE,5,4122,66,12,845,0.563125
850,High Net Worth,46,2,6.739337,1,Female,VIC,Health,FALSE,10,3250,64,12,851,0.5625
851,Mass Customer,63,9,7.109879,2,Female,NSW,Manufacturing,FALSE,2,2566,67,17,851,0.5625
852,Mass Customer,62,8,3.951244,0,Male,NSW,Health,TRUE,0,2747,25,1,851,0.5625
853,Affluent Customer,29,10,6.709304,2,Female,VIC,Financial Services,TRUE,1,3166,81,9,854,0.561
854,High Net Worth,45,10,5.575949,2,Female,NSW,Property,TRUE,36,2042,43,5,854,0.561
855,Affluent Customer,24,7,6.751101,1,Male,VIC,Health,TRUE,28,3082,44,18,856,0.56
856,Affluent Customer,32,2,6.747587,2,Male,QLD,Manufacturing,TRUE,5,4350,70,11,856,0.56
857,Affluent Customer,67,9,7.578145,2,Female,NSW,Health,TRUE,25,2088,84,22,856,0.56
858,Affluent Customer,88,10,6.739337,2,Male,NSW,Health,TRUE,3,2153,64,12,859,0.5578125
859,High Net Worth,47,6,6.962243,2,Female,QLD,IT,FALSE,9,4018,65,15,859,0.5578125
860,High Net Worth,37,6,6.003887,1,Male,VIC,Manufacturing,TRUE,12,3064,44,8,859,0.5578125
861,Affluent Customer,42,7,5.170484,1,Male,VIC,Financial Services,FALSE,13,3163,43,3,862,0.5525
862,Affluent Customer,54,7,6.660575,2,Male,NSW,Financial Services,FALSE,13,2770,70,10,862,0.5525
863,Affluent Customer,2,9,5.257495,1,Female,NSW,Manufacturing,TRUE,3,2200,23,7,862,0.5525
864,Mass Customer,32,8,5.135798,0,Female,VIC,Manufacturing,FALSE,26,3806,33,4,865,0.55
865,High Net Worth,57,2,7.434848,2,Male,VIC,Health,TRUE,33,3012,76,21,865,0.55
866,High Net Worth,99,10,6.785588,1,Female,QLD,Health,FALSE,0,4151,58,14,865,0.55
867,High Net Worth,11,11,6.708084,1,Male,NSW,Argiculture,TRUE,3,2221,62,12,865,0.55
868,Mass Customer,87,9,6.386879,2,Female,VIC,Financial Services,FALSE,39,3197,65,8,865,0.55
869,Mass Customer,95,11,6.476972,2,Male,NSW,Health,TRUE,17,2570,49,12,870,0.544
870,Mass Customer,47,12,5.652489,2,Female,NSW,Financial Services,FALSE,1,2101,56,4,871,0.541875
871,High Net Worth,76,3,6.222576,1,Female,NSW,Health,TRUE,10,2380,62,7,871,0.541875
872,High Net Worth,37,6,6.459904,2,Female,NSW,Health,FALSE,3,2770,70,8,871,0.541875
873,Mass Customer,50,10,7.003065,2,Female,VIC,IT,TRUE,0,3169,49,21,871,0.541875
874,Affluent Customer,88,7,6.39693,2,Male,VIC,Financial Services,FALSE,24,3163,49,11,871,0.541875
875,Affluent Customer,58,8,4.060443,0,Male,VIC,Manufacturing,TRUE,2,3021,28,1,871,0.541875
876,Mass Customer,57,11,7.21524,2,Female,NSW,Manufacturing,FALSE,36,2118,67,19,877,0.54
877,Affluent Customer,43,9,6.969791,2,Male,QLD,Manufacturing,TRUE,36,4275,75,13,877,0.54
878,High Net Worth,30,10,6.040255,1,Female,NSW,Health,TRUE,8,2050,29,13,879,0.5375
879,Affluent Customer,44,4,7.056175,0,Male,NSW,Argiculture,FALSE,0,2448,57,19,879,0.5375
880,High Net Worth,67,9,6.498282,2,Male,QLD,Financial Services,FALSE,1,4170,82,7,879,0.5375
881,Mass Customer,63,6,6.234411,2,Male,QLD,Telecommunications,TRUE,0,4570,50,9,882,0.5355
882,Affluent Customer,22,3,5.934894,0,Female,VIC,Argiculture,TRUE,0,3851,26,13,883,0.53125
884,Mass Customer,48,7,6.802395,2,Male,VIC,Entertainment,FALSE,26,3139,59,14,883,0.53125
885,Affluent Customer,40,7,7.49887,2,Male,NSW,Financial Services,TRUE,1,2749,85,20,883,0.53125
886,Mass Customer,52,9,5.886104,2,Male,NSW,Telecommunications,FALSE,6,2226,29,11,883,0.53125
887,Affluent Customer,27,9,5.996452,2,Female,NSW,Argiculture,TRUE,16,2259,66,5,888,0.525
888,Affluent Customer,72,9,5.575949,0,Female,VIC,Financial Services,FALSE,2,3058,43,5,888,0.525
889,Affluent Customer,64,6,6.803505,0,Male,NSW,Manufacturing,FALSE,0,2318,52,16,888,0.525
890,Mass Customer,57,1,6.522093,2,Male,VIC,IT,TRUE,8,3844,67,9,888,0.525
891,Mass Customer,51,12,5.897154,2,Male,NSW,Property,TRUE,16,2031,51,6,888,0.525
892,High Net Worth,11,3,5.991465,1,Female,NSW,Manufacturing,TRUE,2,2871,24,15,893,0.520625
893,High Net Worth,31,9,5.480639,0,Male,NSW,Argiculture,FALSE,28,2145,39,5,893,0.520625
894,Mass Customer,54,4,5.123964,2,Female,QLD,IT,TRUE,20,4019,23,6,893,0.520625
895,Mass Customer,5,8,7.087574,2,Male,VIC,Manufacturing,FALSE,6,3806,62,18,896,0.52
896,Affluent Customer,46,5,6.498282,2,Male,QLD,IT,TRUE,3,4133,82,7,896,0.52
897,Mass Customer,47,9,6.572283,2,Male,NSW,Health,FALSE,14,2145,64,10,898,0.5125
898,Affluent Customer,38,10,6.761573,2,Female,NSW,Property,FALSE,1,2099,71,11,899,0.51
899,High Net Worth,5,9,7.021084,1,Male,NSW,Health,FALSE,0,2318,55,19,899,0.51
900,Mass Customer,1,7,6.609349,0,Male,VIC,Argiculture,FALSE,26,3023,52,13,899,0.51
901,Mass Customer,53,10,6.291569,2,Female,NSW,Manufacturing,FALSE,16,2291,59,8,899,0.51
902,Mass Customer,48,6,5.63479,1,Male,VIC,Financial Services,FALSE,0,3049,27,9,903,0.5015
903,Affluent Customer,84,8,5.723585,1,Female,NSW,Manufacturing,TRUE,9,2114,50,5,904,0.5
905,Mass Customer,77,7,6.12905,1,Female,NSW,Health,FALSE,28,2263,50,8,904,0.5
906,Affluent Customer,27,5,6.933423,2,Male,QLD,Argiculture,FALSE,15,4814,56,17,904,0.5
907,Mass Customer,57,7,6.675823,0,Female,VIC,Argiculture,FALSE,0,3030,60,12,904,0.5
908,Affluent Customer,10,9,6.011267,2,Male,NSW,Health,FALSE,6,2768,23,16,904,0.5
909,Mass Customer,65,5,6.401917,1,Female,NSW,Retail,TRUE,7,2330,66,8,904,0.5
910,Mass Customer,49,10,6.836259,0,Female,NSW,Manufacturing,FALSE,0,2141,48,18,904,0.5
911,Affluent Customer,7,8,6.386879,1,Female,VIC,Manufacturing,FALSE,8,3178,32,17,904,0.5
912,Affluent Customer,39,5,6.089045,2,Male,QLD,Manufacturing,TRUE,21,4227,62,6,913,0.499375
913,High Net Worth,16,9,6.54103,0,Female,VIC,Argiculture,TRUE,15,3910,62,10,913,0.499375
914,Mass Customer,86,9,7.533694,0,Male,NSW,Argiculture,FALSE,0,2777,84,21,913,0.499375
915,High Net Worth,58,10,5.913503,2,Female,NSW,Entertainment,FALSE,4,2153,36,9,913,0.499375
916,High Net Worth,14,2,6.44572,1,Female,QLD,Manufacturing,TRUE,2,4128,44,13,913,0.499375
917,High Net Worth,64,8,6.522093,2,Female,VIC,Health,FALSE,6,3934,39,16,913,0.499375
918,High Net Worth,71,9,4.969813,2,Female,QLD,Telecommunications,FALSE,10,4154,35,3,913,0.499375
919,High Net Worth,78,2,7.194437,2,Male,NSW,Telecommunications,FALSE,15,2643,73,17,920,0.493
920,High Net Worth,45,6,6.897705,1,Female,NSW,Argiculture,TRUE,8,2477,65,14,921,0.49
921,Mass Customer,59,9,6.329721,1,Female,NSW,Health,FALSE,0,2071,32,16,921,0.49
922,Mass Customer,51,10,5.147494,1,Male,NSW,Property,TRUE,0,2231,42,3,921,0.49
923,High Net Worth,22,10,6.603944,0,Female,NSW,Manufacturing,FALSE,0,2077,40,17,924,0.48875
924,Mass Customer,2,10,6.704414,2,Female,NSW,Financial Services,TRUE,1,2155,50,15,924,0.48875
925,Mass Customer,47,4,5.966147,1,Female,VIC,Manufacturing,TRUE,8,3029,64,5,926,0.4845
926,Mass Customer,61,9,7.249215,1,Female,QLD,Manufacturing,FALSE,40,4159,66,20,926,0.4845
927,High Net Worth,75,4,4.644391,2,Male,QLD,Entertainment,FALSE,0,4051,25,3,928,0.48
928,High Net Worth,84,7,6.467699,2,Female,NSW,Financial Services,TRUE,1,2250,45,13,928,0.48
929,Affluent Customer,67,9,6.073045,0,Female,VIC,Manufacturing,TRUE,0,3013,30,13,930,0.478125
930,Mass Customer,65,5,7.381502,1,Male,VIC,Health,TRUE,0,3429,72,21,930,0.478125
931,Affluent Customer,98,10,6.068426,2,Female,NSW,Manufacturing,FALSE,39,2213,47,8,930,0.478125
932,Mass Customer,30,10,6.175867,2,Female,NSW,Telecommunications,TRUE,6,2154,36,12,930,0.478125
933,Mass Customer,18,4,6.59987,2,Male,VIC,Financial Services,FALSE,13,3620,48,14,930,0.478125
934,Mass Customer,5,4,6.104793,1,Female,VIC,Manufacturing,FALSE,8,3340,63,6,930,0.478125
935,Mass Customer,79,6,7.001246,2,Female,VIC,Entertainment,TRUE,0,3073,60,17,936,0.476
936,High Net Worth,16,8,6.291569,1,Male,VIC,Financial Services,TRUE,15,3207,59,8,937,0.47
937,High Net Worth,41,3,6.854355,1,Female,NSW,Financial Services,TRUE,0,2440,78,11,937,0.47
938,Mass Customer,77,4,7.321189,2,Female,QLD,Argiculture,FALSE,0,4132,83,17,939,0.4675
939,High Net Worth,98,9,7.401231,2,Male,NSW,Retail,FALSE,14,2166,77,20,939,0.4675
940,Mass Customer,61,8,7.003065,1,Female,VIC,Financial Services,TRUE,0,3181,49,21,939,0.4675
941,Mass Customer,5,7,6.327937,1,Female,QLD,Argiculture,TRUE,16,4125,69,7,939,0.4675
942,Affluent Customer,63,3,6.167516,0,Female,NSW,Health,TRUE,0,2478,52,8,939,0.4675
943,Mass Customer,90,10,6.109248,2,Male,VIC,Retail,FALSE,6,3934,49,8,944,0.46
944,Mass Customer,91,9,5.257495,2,Male,NSW,Property,FALSE,16,2010,31,5,944,0.46
945,High Net Worth,63,7,6.616065,2,Female,NSW,Retail,FALSE,7,2530,82,8,944,0.46
946,High Net Worth,44,9,5.192957,2,Female,NSW,Manufacturing,TRUE,6,2320,35,4,947,0.459
947,Mass Customer,35,4,6.356108,1,Female,VIC,Health,FALSE,28,3015,31,17,948,0.456875
948,High Net Worth,13,11,5.886104,1,Male,NSW,Manufacturing,TRUE,15,2049,29,11,948,0.456875
949,High Net Worth,23,8,4.812184,0,Male,VIC,Health,FALSE,0,3198,40,2,948,0.456875
950,Mass Customer,26,7,5.257495,0,Female,VIC,Argiculture,FALSE,15,3153,47,3,951,0.4505
951,Mass Customer,67,7,6.006353,2,Male,QLD,IT,TRUE,3,4500,57,6,951,0.4505
952,Mass Customer,23,3,5.774552,0,Female,VIC,Financial Services,FALSE,0,3500,45,6,951,0.4505
953,Mass Customer,74,11,6.899723,0,Female,NSW,Manufacturing,TRUE,0,2038,61,15,954,0.45
954,High Net Worth,14,12,6.040255,1,Female,NSW,Argiculture,FALSE,18,2122,29,13,954,0.45
955,Mass Customer,12,7,5.953243,2,Male,VIC,Financial Services,TRUE,21,3337,54,6,956,0.44625
956,Mass Customer,59,11,6.139885,1,Female,NSW,Retail,TRUE,15,2121,28,15,956,0.44625
957,Mass Customer,83,9,6.39693,1,Female,QLD,Argiculture,TRUE,5,4170,59,9,956,0.44625
958,Mass Customer,78,8,5.337538,1,Female,VIC,Retail,FALSE,11,3075,25,7,956,0.44625
959,Mass Customer,62,4,5.652489,0,Female,VIC,Argiculture,FALSE,24,3048,56,4,960,0.442
960,Mass Customer,0,9,6.289716,2,Female,NSW,Financial Services,FALSE,1,2570,48,10,960,0.442
961,Mass Customer,15,3,6.095825,2,Male,VIC,Health,FALSE,8,3564,36,11,960,0.442
962,Affluent Customer,82,10,6.086775,2,Male,NSW,Property,TRUE,26,2760,54,7,963,0.44
963,Mass Customer,25,6,6.400257,2,Female,QLD,Manufacturing,TRUE,22,4123,42,13,963,0.44
964,Mass Customer,42,10,6.664409,2,Female,NSW,Health,TRUE,25,2066,48,15,963,0.44
965,Affluent Customer,33,8,4.094345,2,Male,NSW,Telecommunications,FALSE,17,2770,29,1,963,0.44
966,Mass Customer,6,6,7.055313,2,Female,QLD,Manufacturing,FALSE,2,4035,60,18,967,0.435625
967,High Net Worth,74,12,6.866933,2,Female,NSW,Manufacturing,FALSE,2,2104,63,14,967,0.435625
968,High Net Worth,60,1,6.410175,1,Male,NSW,Health,TRUE,0,2705,37,15,967,0.435625
969,High Net Worth,3,8,7.063048,2,Male,NSW,Manufacturing,TRUE,2,2168,72,15,967,0.435625
970,Affluent Customer,30,9,5.652489,1,Female,NSW,Property,TRUE,10,2034,56,4,967,0.435625
971,Affluent Customer,43,6,5.616771,0,Female,VIC,Argiculture,FALSE,0,3064,24,10,972,0.43
972,Mass Customer,82,10,5.743003,0,Male,NSW,Health,TRUE,0,2192,25,11,972,0.43
973,Mass Customer,37,5,6.6995,2,Female,QLD,Retail,TRUE,5,4165,57,13,974,0.425
974,Affluent Customer,77,12,5.533389,0,Female,VIC,Financial Services,TRUE,2,3186,22,10,974,0.425
975,Affluent Customer,63,6,6.915723,0,Male,VIC,Argiculture,TRUE,0,3810,55,17,974,0.425
976,Mass Customer,15,9,5.834811,1,Male,VIC,Health,TRUE,3,3228,56,5,977,0.42
977,Mass Customer,56,10,6.745236,2,Female,NSW,IT,FALSE,2,2232,84,9,977,0.42
978,Mass Customer,77,5,6.489205,2,Male,VIC,Argiculture,TRUE,11,3810,46,13,979,0.4165
979,Mass Customer,93,12,5.940171,2,Male,NSW,Argiculture,TRUE,3,2121,37,9,979,0.4165
980,Mass Customer,71,8,4.85203,0,Female,NSW,Argiculture,TRUE,9,2560,31,3,979,0.4165
981,Affluent Customer,83,1,7.425954,2,Female,QLD,Financial Services,TRUE,5,4720,72,22,979,0.4165
982,Mass Customer,45,5,6.416732,1,Male,NSW,Property,FALSE,40,2565,67,8,983,0.41
983,Mass Customer,5,11,7.381502,2,Female,NSW,Argiculture,FALSE,5,2074,72,21,983,0.41
985,Mass Customer,83,4,6.383507,1,Female,VIC,Health,FALSE,10,3277,36,15,985,0.408
986,Mass Customer,41,8,6.253829,2,Male,NSW,IT,TRUE,4,2250,64,7,987,0.4
987,Mass Customer,44,7,6.068426,2,Female,NSW,Health,FALSE,21,2620,26,15,988,0.3995
988,Mass Customer,64,7,6.879356,2,Female,NSW,Manufacturing,TRUE,5,2322,80,11,988,0.3995
989,High Net Worth,83,8,6.854355,0,Female,NSW,Manufacturing,TRUE,0,2193,78,11,988,0.3995
990,Mass Customer,60,6,6.55108,2,Female,QLD,Property,TRUE,15,4209,69,9,988,0.3995
991,Mass Customer,59,3,6.684612,2,Male,VIC,Manufacturing,TRUE,36,3356,49,15,988,0.3995
992,Mass Customer,32,3,6.109248,2,Female,QLD,Entertainment,TRUE,0,4118,49,8,993,0.391
993,Mass Customer,38,4,6.120297,2,Male,NSW,Financial Services,TRUE,9,2422,64,6,994,0.3825
994,Mass Customer,15,12,4.912655,2,Female,VIC,Retail,FALSE,23,3079,33,3,994,0.3825
995,Affluent Customer,60,7,6.476972,2,Male,NSW,Financial Services,FALSE,0,2200,64,9,996,0.374
996,Mass Customer,22,10,5.081404,0,Male,NSW,Health,FALSE,40,2196,22,6,997,0.357
997,Affluent Customer,17,2,7.021084,2,Female,QLD,Financial Services,TRUE,29,4702,69,15,997,0.357
998,Mass Customer,30,2,7.258412,2,Male,QLD,Financial Services,TRUE,13,4215,70,19,997,0.357
999,Mass Customer,56,9,6.942157,2,Male,NSW,Property,TRUE,14,2010,68,14,1000,0.34
