,gender,wealth_segment,state,job_title,job_industry_category,owns_car,past_3_years_bike_related_purchases,tenure,property_valuation,age
0,Male,Mass Customer,QLD,General Manager,Manufacturing,True,86,14,6,66.0
1,Male,Mass Customer,NSW,Structural Engineer,Property,False,69,16,11,53.0
2,Female,Affluent Customer,VIC,Senior Cost Accountant,Financial Services,False,10,10,5,49.0
3,Female,Affluent Customer,QLD,Account Representative III,Manufacturing,True,64,5,1,44.0
4,Female,Affluent Customer,NSW,Financial Analyst,Financial Services,False,34,19,9,58.0
5,Female,High Net Worth,QLD,Assistant Media Planner,Entertainment,True,39,22,7,72.0
6,Male,Mass Customer,NSW,Compensation Analyst,Financial Services,False,23,8,7,47.0
7,Female,Mass Customer,QLD,Human Resources Assistant II,Retail,True,74,10,5,50.0
8,Male,Mass Customer,NSW,Speech Pathologist,Manufacturing,True,50,5,10,51.0
9,Male,Mass Customer,QLD,Accounting Assistant IV,IT,True,72,17,5,38.0
10,Male,High Net Worth,QLD,Programmer Analyst I,Retail,False,94,3,6,28.0
11,Male,Mass Customer,VIC,Environmental Specialist,Manufacturing,False,48,10,8,24.0
12,Male,Mass Customer,NSW,Human Resources Manager,Telecommunications,False,60,9,11,33.0
13,Female,Mass Customer,NSW,VP Marketing,Health,False,38,4,10,47.0
14,Female,Mass Customer,QLD,Clinical Specialist,Health,False,32,10,8,59.0
15,Male,Affluent Customer,NSW,Unknown,Manufacturing,True,88,5,8,69.0
16,Female,Mass Customer,QLD,Associate Professor,Manufacturing,True,61,4,6,30.0
17,Female,Mass Customer,VIC,Actuary,Financial Services,False,83,14,10,47.0
18,Female,Affluent Customer,NSW,General Manager,Manufacturing,True,65,11,11,85.0
19,Female,High Net Worth,NSW,Internal Auditor,Manufacturing,False,2,12,10,69.0
20,Male,Mass Customer,NSW,Programmer I,Manufacturing,True,11,13,9,55.0
21,Male,Mass Customer,NSW,Financial Analyst,Financial Services,True,44,8,7,30.0
22,Male,Mass Customer,QLD,Quality Engineer,Unknown,False,26,3,4,25.0
23,Female,Affluent Customer,NSW,Quality Control Specialist,Unknown,True,5,13,8,46.0
24,Female,Mass Customer,QLD,Account Executive,Manufacturing,False,78,4,5,41.0
25,Male,Mass Customer,QLD,Unknown,Property,False,11,17,4,78.0
26,Female,Mass Customer,NSW,Engineer II,Retail,True,19,7,2,71.0
27,Female,High Net Worth,QLD,Nurse,Property,True,71,5,11,57.0
28,Female,High Net Worth,QLD,Librarian,Entertainment,False,84,11,7,63.0
29,Female,High Net Worth,VIC,Unknown,Health,False,45,8,10,63.0
30,Female,High Net Worth,NSW,Unknown,Financial Services,True,62,17,8,43.0
31,Male,Mass Customer,NSW,Clinical Specialist,Health,True,70,12,2,72.0
32,Female,Mass Customer,NSW,Paralegal,Financial Services,True,88,7,7,36.0
33,Male,Mass Customer,QLD,Nurse,Unknown,False,71,9,9,42.0
34,Female,Affluent Customer,VIC,Assistant Manager,Financial Services,False,27,20,9,46.0
35,Female,Affluent Customer,QLD,Senior Quality Engineer,Financial Services,True,48,13,1,48.0
36,Male,High Net Worth,NSW,Recruiting Manager,Unknown,False,76,13,10,55.0
37,Male,Mass Customer,VIC,Unknown,Manufacturing,False,58,15,8,44.0
38,Male,Mass Customer,VIC,Unknown,Property,True,44,13,2,68.0
39,Male,Affluent Customer,NSW,Unknown,Manufacturing,True,64,8,9,30.0
40,Female,High Net Worth,NSW,Unknown,Health,False,73,10,8,70.0
41,Female,Mass Customer,VIC,Design Engineer,Financial Services,False,24,3,10,38.0
42,Female,Mass Customer,NSW,Unknown,Retail,False,79,8,10,77.0
43,Female,Affluent Customer,NSW,Design Engineer,Unknown,False,52,9,8,57.0
44,Male,High Net Worth,VIC,Unknown,Unknown,False,76,6,5,62.0
45,Female,High Net Worth,NSW,Business Systems Development Analyst,Retail,True,29,5,12,67.0
46,Female,Affluent Customer,QLD,Paralegal,Financial Services,True,14,19,1,67.0
47,Female,High Net Worth,QLD,VP Quality Control,Unknown,True,85,14,4,29.0
48,Female,Mass Customer,VIC,Cost Accountant,Financial Services,True,59,17,7,46.0
49,Male,Mass Customer,NSW,Product Engineer,Argiculture,False,12,20,12,73.0
50,Male,Affluent Customer,VIC,Unknown,Manufacturing,False,60,10,8,45.0
51,Male,Affluent Customer,QLD,Paralegal,Financial Services,True,62,5,8,24.0
52,Male,High Net Worth,VIC,Social Worker,Health,True,55,11,7,30.0
53,Female,Mass Customer,NSW,Unknown,Property,False,97,8,10,42.0
54,Female,Mass Customer,VIC,Payment Adjustment Coordinator,Retail,False,87,16,10,28.0
55,Female,Mass Customer,NSW,Marketing Assistant,Manufacturing,False,52,9,10,42.0
56,Male,Mass Customer,NSW,Recruiter,Argiculture,False,75,12,8,44.0
57,Female,Mass Customer,VIC,VP Product Management,Unknown,False,51,14,9,51.0
58,Male,Mass Customer,VIC,Media Manager III,Unknown,True,64,8,5,57.0
60,Male,High Net Worth,NSW,Cost Accountant,Financial Services,True,47,17,7,40.0
61,Male,Mass Customer,NSW,Developer I,Argiculture,True,31,9,9,51.0
62,Male,High Net Worth,NSW,Senior Financial Analyst,Financial Services,False,59,11,10,81.0
63,Female,High Net Worth,QLD,Electrical Engineer,Manufacturing,True,70,17,6,56.0
64,Female,High Net Worth,QLD,Accountant IV,IT,True,22,7,7,24.0
65,Female,High Net Worth,NSW,Human Resources Manager,Retail,False,58,12,8,40.0
66,Female,Affluent Customer,QLD,Executive Secretary,Property,True,69,5,11,27.0
67,Female,Affluent Customer,QLD,Account Representative I,Manufacturing,True,54,16,7,39.0
68,Male,High Net Worth,QLD,Executive Secretary,Financial Services,True,62,3,5,24.0
69,Female,High Net Worth,QLD,Associate Professor,Unknown,True,82,6,7,35.0
70,Female,High Net Worth,NSW,Dental Hygienist,Health,True,11,13,7,27.0
71,Female,Mass Customer,NSW,GIS Technical Architect,Financial Services,False,78,9,10,29.0
72,Female,High Net Worth,QLD,Assistant Professor,Financial Services,False,73,15,9,24.0
73,Male,High Net Worth,NSW,Mechanical Systems Engineer,Unknown,False,5,15,9,55.0
74,Female,Affluent Customer,NSW,Unknown,Financial Services,True,76,19,9,65.0
75,Male,High Net Worth,NSW,Budget/Accounting Analyst IV,Manufacturing,True,98,10,12,49.0
76,Male,Mass Customer,NSW,Research Nurse,Health,False,0,17,9,62.0
77,Female,Affluent Customer,VIC,Speech Pathologist,Health,True,36,13,7,67.0
78,Female,Mass Customer,NSW,Computer Systems Analyst IV,Manufacturing,True,15,13,10,51.0
79,Female,High Net Worth,NSW,Analyst Programmer,Entertainment,False,15,6,6,50.0
80,Male,Mass Customer,NSW,Desktop Support Technician,Manufacturing,False,53,15,12,28.0
81,Female,Mass Customer,NSW,Editor,Financial Services,False,34,9,8,58.0
82,Female,Mass Customer,NSW,Unknown,Financial Services,False,14,5,9,42.0
83,Male,High Net Worth,VIC,Biostatistician IV,Manufacturing,False,58,8,12,48.0
84,Male,High Net Worth,NSW,Database Administrator III,Manufacturing,True,48,16,10,62.0
85,Female,High Net Worth,NSW,Engineer III,Unknown,False,9,13,10,74.0
86,Female,Affluent Customer,NSW,Assistant Media Planner,Entertainment,False,8,5,9,24.0
87,Male,High Net Worth,NSW,GIS Technical Architect,Unknown,False,5,13,12,81.0
88,Male,Mass Customer,NSW,Physical Therapy Assistant,Manufacturing,True,49,14,9,73.0
89,Male,Affluent Customer,QLD,Structural Engineer,Health,False,24,16,2,52.0
90,Male,Affluent Customer,NSW,Environmental Specialist,Unknown,False,93,15,10,31.0
91,Female,Mass Customer,NSW,Director of Sales,Health,False,34,19,7,45.0
92,Female,Mass Customer,NSW,Unknown,Retail,False,84,11,9,46.0
93,Male,Affluent Customer,QLD,Teacher,Unknown,True,94,14,8,71.0
94,Male,Mass Customer,QLD,Unknown,Unknown,False,25,12,5,45.0
95,Male,High Net Worth,NSW,Unknown,Manufacturing,True,91,8,12,24.0
96,Male,Mass Customer,VIC,Human Resources Assistant IV,Property,True,18,15,4,80.0
97,Male,Mass Customer,QLD,Nurse Practicioner,Retail,False,60,11,6,29.0
98,Male,High Net Worth,NSW,Structural Engineer,Manufacturing,False,26,11,10,51.0
99,Female,High Net Worth,VIC,Structural Analysis Engineer,Manufacturing,True,30,14,8,23.0
100,Female,Mass Customer,QLD,Associate Professor,Retail,False,84,3,4,32.0
101,Female,Mass Customer,QLD,Dental Hygienist,Health,False,56,12,2,29.0
102,Male,Mass Customer,NSW,Marketing Manager,Manufacturing,False,19,9,2,83.0
103,Female,Affluent Customer,VIC,Staff Accountant IV,Financial Services,False,64,8,2,43.0
104,Female,High Net Worth,VIC,VP Sales,Financial Services,True,59,15,6,62.0
105,Male,Mass Customer,QLD,Accountant III,IT,True,50,16,3,77.0
106,Female,Mass Customer,NSW,Recruiting Manager,Argiculture,False,21,18,9,60.0
107,Male,High Net Worth,VIC,Sales Representative,Retail,False,14,19,8,51.0
108,Female,Mass Customer,NSW,Human Resources Assistant II,Unknown,False,95,5,1,62.0
109,Female,Mass Customer,QLD,Unknown,Manufacturing,True,1,16,8,54.0
110,Female,Mass Customer,VIC,Food Chemist,Health,True,95,7,7,55.0
111,Male,Mass Customer,QLD,Staff Scientist,Financial Services,True,37,11,5,84.0
112,Male,High Net Worth,NSW,Structural Engineer,Unknown,False,72,14,11,62.0
113,Female,Mass Customer,VIC,VP Sales,IT,False,0,5,2,28.0
114,Female,Affluent Customer,QLD,Geologist IV,Manufacturing,False,53,18,6,46.0
115,Male,Mass Customer,NSW,Unknown,Health,False,45,5,5,26.0
116,Male,Affluent Customer,NSW,Information Systems Manager,Telecommunications,True,64,17,9,77.0
117,Female,High Net Worth,VIC,Junior Executive,Financial Services,True,21,6,9,45.0
118,Male,Mass Customer,QLD,Nurse Practicioner,Retail,True,37,4,7,36.0
119,Female,Mass Customer,NSW,Automation Specialist II,Property,True,2,7,4,71.0
120,Male,Affluent Customer,NSW,Software Consultant,Retail,False,71,4,8,42.0
121,Male,Mass Customer,NSW,Desktop Support Technician,Unknown,False,57,9,10,26.0
122,Female,High Net Worth,NSW,Design Engineer,Unknown,False,86,6,8,54.0
123,Female,Mass Customer,QLD,Financial Analyst,Financial Services,False,3,4,4,48.0
124,Male,High Net Worth,QLD,Media Manager III,Unknown,True,44,15,5,82.0
125,Male,Mass Customer,VIC,Unknown,Health,True,71,6,3,67.0
126,Female,Affluent Customer,VIC,Social Worker,Health,False,66,21,1,70.0
127,Male,Mass Customer,NSW,Civil Engineer,Manufacturing,True,13,9,1,48.0
128,Female,Mass Customer,QLD,Editor,Retail,False,42,12,1,83.0
129,Female,Affluent Customer,NSW,Design Engineer,Retail,True,51,5,7,33.0
130,Female,Affluent Customer,NSW,Geological Engineer,Manufacturing,True,78,5,2,61.0
131,Male,Mass Customer,VIC,Payment Adjustment Coordinator,Unknown,True,38,13,7,58.0
132,Female,Mass Customer,QLD,Unknown,Unknown,True,11,15,4,63.0
133,Male,Mass Customer,NSW,Unknown,Manufacturing,False,29,9,9,38.0
134,Female,Affluent Customer,NSW,Graphic Designer,Manufacturing,True,27,14,8,45.0
135,Male,Mass Customer,NSW,Staff Accountant II,Unknown,False,89,19,7,53.0
136,Female,Affluent Customer,QLD,Graphic Designer,Manufacturing,False,90,4,5,33.0
137,Male,Mass Customer,NSW,Social Worker,Health,True,28,16,4,56.0
138,Female,Mass Customer,NSW,Community Outreach Specialist,Financial Services,True,12,12,3,44.0
139,Female,Mass Customer,VIC,Programmer Analyst II,Property,True,60,3,8,43.0
140,Male,Affluent Customer,VIC,Desktop Support Technician,Manufacturing,True,92,16,9,57.0
141,Male,Affluent Customer,NSW,Pharmacist,Health,True,14,15,9,22.0
142,Male,Mass Customer,QLD,VP Marketing,Retail,True,28,20,8,74.0
143,Male,High Net Worth,NSW,Senior Cost Accountant,Financial Services,True,6,17,9,48.0
144,Female,Mass Customer,QLD,Senior Editor,Manufacturing,False,4,6,1,42.0
145,Female,Mass Customer,NSW,Sales Associate,Financial Services,False,40,15,9,73.0
146,Female,Mass Customer,NSW,Developer II,Manufacturing,False,82,17,8,58.0
147,Male,Mass Customer,NSW,VP Marketing,Retail,False,38,16,10,54.0
148,Female,High Net Worth,VIC,Teacher,Health,False,58,19,6,54.0
149,Female,Mass Customer,NSW,Unknown,Property,False,39,17,8,52.0
150,Female,Affluent Customer,QLD,Staff Accountant I,Health,True,60,4,3,56.0
151,Female,Affluent Customer,NSW,Environmental Tech,Manufacturing,True,30,14,8,62.0
152,Male,Mass Customer,NSW,VP Sales,Financial Services,True,61,18,11,54.0
153,Male,Mass Customer,VIC,Account Coordinator,Health,False,54,11,5,62.0
154,Male,Mass Customer,QLD,Compensation Analyst,Financial Services,False,6,9,5,67.0
155,Female,Mass Customer,NSW,Human Resources Assistant II,Property,True,74,19,9,60.0
156,Female,Mass Customer,QLD,Health Coach II,Financial Services,False,89,21,9,47.0
157,Female,Mass Customer,NSW,Programmer Analyst III,Health,False,16,7,9,66.0
158,Female,Mass Customer,VIC,Senior Quality Engineer,Unknown,True,4,6,9,45.0
159,Male,High Net Worth,NSW,Environmental Tech,Unknown,False,27,10,9,72.0
160,Male,Affluent Customer,NSW,Geologist III,Property,False,37,4,12,37.0
161,Female,Mass Customer,VIC,Health Coach II,Health,True,23,10,11,28.0
162,Female,Affluent Customer,NSW,Assistant Professor,Manufacturing,True,60,9,2,54.0
163,Male,High Net Worth,QLD,Account Representative III,Unknown,True,96,19,3,72.0
164,Female,Mass Customer,NSW,Director of Sales,Unknown,True,3,3,11,44.0
165,Male,Mass Customer,NSW,Clinical Specialist,Health,False,55,4,10,47.0
166,Female,High Net Worth,NSW,Assistant Professor,Financial Services,False,65,12,3,50.0
167,Female,Mass Customer,QLD,Environmental Tech,Manufacturing,True,55,8,4,34.0
168,Female,Affluent Customer,VIC,Senior Developer,Retail,False,99,15,9,71.0
169,Male,Affluent Customer,VIC,Staff Scientist,Argiculture,False,33,13,7,37.0
170,Female,Affluent Customer,NSW,Account Representative II,Unknown,False,42,14,9,68.0
171,Male,Mass Customer,NSW,Help Desk Technician,Property,True,36,10,11,67.0
172,Male,Mass Customer,NSW,VP Quality Control,Financial Services,True,60,4,6,34.0
173,Male,Affluent Customer,VIC,Assistant Manager,Manufacturing,True,56,16,1,28.0
174,Female,Mass Customer,VIC,Research Assistant IV,Property,False,72,5,8,68.0
175,Female,High Net Worth,NSW,Speech Pathologist,Telecommunications,False,54,7,9,31.0
176,Female,High Net Worth,VIC,Research Associate,Unknown,True,79,9,7,84.0
177,Male,Mass Customer,NSW,Software Consultant,Manufacturing,False,51,16,9,71.0
178,Male,Mass Customer,NSW,Sales Representative,Retail,True,92,13,10,73.0
179,Female,Mass Customer,QLD,Assistant Manager,Financial Services,False,71,5,9,48.0
180,Male,High Net Worth,NSW,Assistant Manager,Health,False,39,9,9,58.0
181,Male,Mass Customer,QLD,Junior Executive,Manufacturing,False,78,18,7,49.0
182,Male,High Net Worth,NSW,Community Outreach Specialist,Unknown,True,36,21,8,77.0
183,Male,Mass Customer,NSW,Computer Systems Analyst I,Manufacturing,True,34,13,7,49.0
184,Female,Mass Customer,VIC,Account Representative IV,Property,False,68,5,9,38.0
185,Male,High Net Worth,VIC,Social Worker,Health,True,65,3,10,31.0
186,Female,High Net Worth,NSW,Senior Editor,Financial Services,False,26,17,10,52.0
187,Female,Mass Customer,NSW,Payment Adjustment Coordinator,Unknown,True,67,17,8,50.0
188,Female,High Net Worth,QLD,Safety Technician I,Property,False,7,9,10,37.0
189,Male,Affluent Customer,NSW,VP Product Management,IT,False,74,10,9,27.0
190,Female,Affluent Customer,NSW,Physical Therapy Assistant,Property,False,32,8,11,31.0
191,Male,Mass Customer,NSW,Clinical Specialist,Health,True,55,7,8,85.0
192,Female,High Net Worth,NSW,Human Resources Manager,Telecommunications,False,16,10,8,53.0
193,Female,Mass Customer,NSW,GIS Technical Architect,Argiculture,False,47,7,10,54.0
194,Female,Mass Customer,VIC,Dental Hygienist,Health,True,26,11,12,79.0
195,Male,Affluent Customer,VIC,Analog Circuit Design manager,Property,False,6,16,3,51.0
196,Female,High Net Worth,QLD,Business Systems Development Analyst,Unknown,False,60,7,9,42.0
197,Female,High Net Worth,NSW,Information Systems Manager,Unknown,False,66,2,9,33.0
198,Male,Affluent Customer,NSW,Environmental Tech,Unknown,False,44,3,3,30.0
199,Female,High Net Worth,QLD,Geological Engineer,Manufacturing,True,55,12,4,57.0
200,Male,Mass Customer,VIC,Unknown,Unknown,True,70,13,7,83.0
201,Female,Mass Customer,NSW,Unknown,Health,False,84,15,8,64.0
202,Male,Affluent Customer,NSW,General Manager,Manufacturing,True,47,21,9,78.0
203,Female,Mass Customer,QLD,Analyst Programmer,Retail,True,44,7,1,71.0
204,Male,Mass Customer,NSW,Recruiting Manager,Unknown,False,2,2,7,25.0
205,Female,Affluent Customer,NSW,Senior Sales Associate,Unknown,True,19,12,8,75.0
206,Male,Affluent Customer,QLD,Research Assistant II,Telecommunications,False,31,9,7,47.0
207,Female,Mass Customer,NSW,Unknown,Unknown,True,70,11,7,68.0
208,Female,High Net Worth,NSW,Social Worker,Health,False,12,19,9,65.0
209,Male,Affluent Customer,QLD,Financial Analyst,Financial Services,False,92,4,4,56.0
210,Male,Mass Customer,NSW,Senior Cost Accountant,Financial Services,False,32,16,10,56.0
211,Male,High Net Worth,NSW,Unknown,Health,True,82,5,8,40.0
212,Male,Mass Customer,VIC,Chief Design Engineer,Retail,False,12,6,6,26.0
213,Male,High Net Worth,NSW,Account Executive,Entertainment,False,28,10,8,67.0
214,Female,Mass Customer,QLD,Information Systems Manager,Property,True,9,22,7,76.0
215,Male,Mass Customer,NSW,Legal Assistant,Manufacturing,False,11,4,11,23.0
216,Female,Mass Customer,NSW,Business Systems Development Analyst,Unknown,False,50,5,7,26.0
217,Female,Affluent Customer,QLD,Occupational Therapist,Health,True,8,18,2,60.0
218,Male,Mass Customer,NSW,Statistician I,Financial Services,True,78,18,11,43.0
219,Male,Affluent Customer,NSW,Unknown,IT,False,7,3,8,29.0
220,Male,Mass Customer,VIC,Payment Adjustment Coordinator,Retail,True,68,15,8,42.0
221,Male,Mass Customer,NSW,Technical Writer,Health,True,66,7,9,44.0
222,Female,Mass Customer,NSW,Unknown,Unknown,False,62,18,11,57.0
223,Male,High Net Worth,NSW,Chief Design Engineer,Health,False,66,9,8,23.0
224,Male,Mass Customer,QLD,Unknown,IT,False,91,17,1,46.0
225,Male,Mass Customer,QLD,Technical Writer,Manufacturing,True,0,15,8,23.0
227,Male,High Net Worth,NSW,Cost Accountant,Financial Services,False,54,8,9,59.0
228,Female,Mass Customer,NSW,Associate Professor,Financial Services,False,46,7,8,69.0
229,Female,Affluent Customer,QLD,VP Marketing,Health,True,48,14,4,60.0
230,Male,Mass Customer,NSW,Health Coach IV,Health,True,52,14,10,45.0
231,Male,Mass Customer,NSW,Statistician I,Manufacturing,True,50,18,9,80.0
232,Male,Mass Customer,NSW,Mechanical Systems Engineer,Unknown,False,94,14,9,58.0
233,Female,Mass Customer,NSW,Teacher,Property,False,53,16,7,80.0
234,Female,Mass Customer,VIC,Media Manager II,Unknown,True,25,13,8,26.0
235,Male,Affluent Customer,NSW,Unknown,Health,False,41,8,8,83.0
236,Female,High Net Worth,NSW,Mechanical Systems Engineer,Telecommunications,True,97,13,8,80.0
237,Female,Mass Customer,NSW,Director of Sales,Unknown,True,30,8,10,84.0
238,Female,Mass Customer,QLD,Design Engineer,Entertainment,True,84,15,1,82.0
239,Male,Mass Customer,QLD,Professor,Unknown,True,4,5,8,62.0
240,Female,High Net Worth,VIC,VP Quality Control,Manufacturing,True,18,9,9,49.0
241,Female,Mass Customer,QLD,Nurse Practicioner,Manufacturing,False,94,5,9,64.0
242,Male,Affluent Customer,VIC,Associate Professor,Manufacturing,True,57,16,4,54.0
243,Male,Mass Customer,QLD,Junior Executive,Health,False,29,12,8,66.0
244,Female,Mass Customer,QLD,Safety Technician II,Unknown,True,2,19,5,73.0
245,Female,Affluent Customer,VIC,Recruiter,Manufacturing,True,8,4,10,56.0
246,Female,High Net Worth,QLD,Business Systems Development Analyst,Financial Services,False,74,14,3,60.0
247,Male,Affluent Customer,QLD,Senior Cost Accountant,Financial Services,True,49,10,7,52.0
248,Male,High Net Worth,NSW,Product Engineer,Property,True,59,11,4,45.0
249,Male,High Net Worth,QLD,Analog Circuit Design manager,Entertainment,False,57,18,3,49.0
250,Female,Mass Customer,NSW,Cost Accountant,Financial Services,False,90,11,10,48.0
251,Male,Affluent Customer,QLD,Software Test Engineer IV,Health,True,85,6,2,56.0
252,Female,Mass Customer,NSW,Sales Representative,Retail,False,13,9,9,62.0
253,Female,Mass Customer,NSW,Product Engineer,IT,False,91,9,9,43.0
254,Female,High Net Worth,NSW,Structural Analysis Engineer,Financial Services,False,75,12,12,26.0
255,Female,Mass Customer,VIC,Nuclear Power Engineer,Manufacturing,False,17,16,10,84.0
256,Female,Mass Customer,VIC,Account Coordinator,Retail,False,49,15,12,64.0
257,Male,Mass Customer,QLD,Quality Control Specialist,Unknown,False,37,5,3,61.0
258,Female,Mass Customer,QLD,Product Engineer,Unknown,True,45,9,6,23.0
259,Female,High Net Worth,NSW,Geological Engineer,Manufacturing,False,41,19,10,52.0
260,Female,Mass Customer,VIC,Recruiting Manager,Retail,True,9,14,9,54.0
261,Female,High Net Worth,QLD,Analog Circuit Design manager,Argiculture,False,21,6,6,32.0
262,Male,Mass Customer,QLD,Software Engineer II,IT,True,88,10,9,31.0
263,Female,Mass Customer,QLD,Cost Accountant,Financial Services,True,36,7,5,75.0
264,Male,Affluent Customer,QLD,Account Executive,Manufacturing,True,57,2,6,27.0
265,Female,Mass Customer,NSW,Unknown,Unknown,False,56,10,12,85.0
266,Female,Mass Customer,NSW,Desktop Support Technician,Property,True,81,18,8,54.0
267,Female,Mass Customer,VIC,Actuary,Financial Services,False,82,7,7,50.0
268,Male,Affluent Customer,VIC,Engineer IV,Manufacturing,True,70,14,7,72.0
269,Female,High Net Worth,NSW,Database Administrator II,Health,False,89,8,8,51.0
270,Male,High Net Worth,VIC,Chemical Engineer,Manufacturing,True,84,1,7,27.0
271,Male,Mass Customer,NSW,Unknown,Argiculture,True,70,5,3,62.0
272,Female,Mass Customer,NSW,Accountant III,Manufacturing,False,99,3,10,47.0
273,Male,Mass Customer,NSW,Executive Secretary,Manufacturing,False,48,6,9,67.0
274,Male,Affluent Customer,NSW,Structural Engineer,Manufacturing,False,35,13,9,47.0
275,Female,Affluent Customer,VIC,Environmental Specialist,Unknown,True,90,7,3,57.0
276,Female,High Net Worth,NSW,Office Assistant II,Telecommunications,False,70,6,12,70.0
277,Male,Affluent Customer,VIC,Research Associate,Health,True,50,5,9,61.0
278,Female,Mass Customer,VIC,Database Administrator I,Financial Services,True,64,16,9,47.0
279,Female,Affluent Customer,VIC,General Manager,Financial Services,False,81,17,9,58.0
280,Male,Mass Customer,NSW,Graphic Designer,Unknown,False,7,6,12,55.0
281,Female,Mass Customer,VIC,Design Engineer,Telecommunications,True,26,10,8,52.0
282,Female,Mass Customer,VIC,Associate Professor,Manufacturing,False,37,19,2,45.0
283,Male,Mass Customer,QLD,Quality Control Specialist,Unknown,False,81,17,7,64.0
284,Female,Mass Customer,QLD,Pharmacist,Health,False,88,11,7,56.0
285,Male,High Net Worth,NSW,Payment Adjustment Coordinator,Financial Services,True,3,19,3,66.0
286,Male,Affluent Customer,QLD,Senior Sales Associate,Argiculture,False,70,13,8,76.0
287,Female,Affluent Customer,QLD,Technical Writer,Unknown,False,2,6,10,64.0
288,Female,Affluent Customer,NSW,Account Representative IV,Retail,True,96,9,7,47.0
289,Male,High Net Worth,VIC,Account Coordinator,Manufacturing,True,50,10,1,33.0
290,Female,High Net Worth,NSW,Research Assistant I,Unknown,False,95,12,11,42.0
291,Male,Affluent Customer,VIC,Nuclear Power Engineer,Manufacturing,False,15,9,8,51.0
292,Male,Affluent Customer,VIC,Chief Design Engineer,Unknown,False,89,20,6,65.0
293,Female,Mass Customer,VIC,Associate Professor,Health,True,88,6,7,60.0
294,Male,Mass Customer,QLD,Financial Advisor,Financial Services,False,36,4,8,43.0
295,Female,Mass Customer,NSW,Senior Financial Analyst,Financial Services,True,68,5,7,35.0
296,Male,High Net Worth,NSW,Unknown,Property,False,73,19,8,53.0
297,Male,Mass Customer,NSW,Account Executive,Financial Services,True,97,4,8,58.0
298,Female,Mass Customer,NSW,Unknown,Argiculture,False,91,10,8,32.0
299,Female,Mass Customer,NSW,Physical Therapy Assistant,Retail,False,59,17,11,76.0
300,Male,Mass Customer,QLD,Systems Administrator I,Retail,True,39,10,5,35.0
301,Female,Mass Customer,VIC,Cost Accountant,Financial Services,False,97,7,9,30.0
302,Male,Affluent Customer,NSW,Systems Administrator IV,Health,True,79,11,12,42.0
303,Female,Affluent Customer,NSW,Account Executive,Unknown,False,56,11,11,74.0
304,Female,High Net Worth,QLD,Quality Engineer,Financial Services,True,42,13,8,68.0
305,Female,Mass Customer,QLD,Recruiting Manager,Financial Services,False,81,6,7,49.0
306,Male,Affluent Customer,NSW,Marketing Manager,Unknown,True,1,11,9,69.0
307,Female,High Net Worth,NSW,Unknown,Financial Services,True,63,18,3,64.0
308,Female,Mass Customer,NSW,Occupational Therapist,Health,False,45,11,6,42.0
309,Male,Mass Customer,NSW,Unknown,Manufacturing,True,21,14,6,52.0
310,Female,High Net Worth,VIC,Unknown,Property,True,39,10,11,32.0
311,Female,Mass Customer,VIC,Design Engineer,Health,False,28,5,5,58.0
312,Male,High Net Worth,NSW,Teacher,Manufacturing,False,61,7,8,34.0
313,Male,Mass Customer,NSW,Senior Sales Associate,Manufacturing,False,95,7,11,55.0
314,Female,High Net Worth,QLD,Operator,Unknown,True,73,3,8,31.0
315,Female,High Net Worth,VIC,Office Assistant I,Manufacturing,False,96,18,9,45.0
316,Female,Mass Customer,VIC,Pharmacist,Health,True,3,15,6,66.0
317,Female,Mass Customer,QLD,Unknown,Property,True,20,15,7,38.0
318,Female,Affluent Customer,NSW,Human Resources Assistant II,Health,True,74,14,8,68.0
319,Male,Affluent Customer,NSW,Analyst Programmer,Financial Services,True,87,4,9,42.0
320,Male,High Net Worth,VIC,Information Systems Manager,Unknown,True,78,7,7,47.0
321,Male,High Net Worth,NSW,Engineer III,Financial Services,False,23,12,6,46.0
322,Female,Mass Customer,NSW,Software Engineer I,Property,False,0,17,9,42.0
323,Male,High Net Worth,VIC,Account Representative I,Manufacturing,False,35,9,9,31.0
325,Female,High Net Worth,VIC,Programmer III,Health,False,14,7,1,68.0
326,Female,Mass Customer,QLD,Senior Sales Associate,Financial Services,True,17,18,4,71.0
327,Male,Mass Customer,QLD,VP Sales,Unknown,False,84,12,5,41.0
328,Male,High Net Worth,QLD,Technical Writer,Manufacturing,False,32,21,6,45.0
329,Female,Mass Customer,NSW,Senior Developer,Property,False,32,11,4,51.0
330,Male,Affluent Customer,QLD,Accountant IV,Unknown,False,17,9,3,24.0
331,Male,High Net Worth,NSW,Marketing Manager,Unknown,True,46,15,9,64.0
332,Male,Mass Customer,VIC,Librarian,Entertainment,True,64,7,8,26.0
333,Male,Affluent Customer,VIC,Media Manager I,Retail,True,33,9,2,45.0
334,Female,Mass Customer,NSW,Financial Advisor,Financial Services,True,62,15,10,78.0
335,Male,Mass Customer,NSW,Civil Engineer,Manufacturing,False,81,7,9,80.0
336,Female,Mass Customer,VIC,Environmental Tech,Financial Services,True,8,16,7,24.0
337,Male,Affluent Customer,VIC,Chief Design Engineer,Unknown,False,53,14,8,47.0
338,Male,Mass Customer,NSW,Unknown,Manufacturing,True,18,18,4,67.0
339,Female,High Net Worth,VIC,Editor,Unknown,True,80,7,9,48.0
340,Female,Affluent Customer,QLD,Human Resources Manager,Health,True,93,17,3,54.0
341,Female,Mass Customer,VIC,Software Consultant,IT,True,38,11,10,55.0
342,Male,Affluent Customer,QLD,Data Coordiator,IT,False,84,10,6,72.0
343,Female,Mass Customer,QLD,VP Marketing,Manufacturing,True,22,16,10,84.0
344,Male,Affluent Customer,QLD,Business Systems Development Analyst,Manufacturing,True,17,13,7,59.0
345,Female,Mass Customer,NSW,Unknown,IT,True,71,7,8,71.0
346,Female,Mass Customer,NSW,Associate Professor,Property,True,43,7,9,82.0
347,Male,High Net Worth,QLD,Software Consultant,Financial Services,True,22,17,6,62.0
348,Female,Mass Customer,NSW,Social Worker,Health,False,11,5,1,70.0
349,Male,High Net Worth,VIC,Web Developer IV,Manufacturing,False,67,12,10,42.0
350,Male,Mass Customer,QLD,Assistant Manager,Unknown,False,18,17,8,67.0
351,Female,Mass Customer,NSW,Unknown,Financial Services,False,59,13,6,59.0
352,Female,Mass Customer,VIC,Environmental Specialist,Argiculture,True,74,17,10,79.0
353,Male,Affluent Customer,NSW,Pharmacist,Health,True,19,12,8,70.0
354,Female,Affluent Customer,VIC,Technical Writer,Unknown,True,59,14,5,21.0
355,Female,Affluent Customer,NSW,Registered Nurse,Health,False,45,10,8,43.0
356,Female,Mass Customer,VIC,Human Resources Manager,Health,True,30,11,7,79.0
357,Male,Affluent Customer,NSW,Electrical Engineer,Manufacturing,False,59,12,11,52.0
359,Male,High Net Worth,VIC,Media Manager IV,Retail,False,99,10,7,33.0
361,Male,Mass Customer,NSW,Senior Editor,Telecommunications,False,7,12,10,44.0
362,Female,Mass Customer,NSW,Nurse Practicioner,Financial Services,True,67,10,2,26.0
363,Male,Mass Customer,VIC,Technical Writer,Financial Services,False,13,13,11,66.0
364,Female,Mass Customer,NSW,Computer Systems Analyst II,Financial Services,True,62,15,4,24.0
365,Male,Affluent Customer,QLD,Unknown,Health,False,60,18,10,42.0
366,Female,Mass Customer,NSW,Business Systems Development Analyst,Financial Services,False,84,11,8,52.0
367,Male,High Net Worth,VIC,Paralegal,Financial Services,True,18,9,7,64.0
368,Female,Mass Customer,NSW,Recruiting Manager,Unknown,True,6,20,9,66.0
369,Male,High Net Worth,VIC,Help Desk Technician,IT,False,50,4,4,29.0
370,Female,Mass Customer,QLD,Help Desk Technician,Unknown,False,57,11,11,45.0
371,Male,Mass Customer,NSW,Food Chemist,Health,True,30,6,9,60.0
372,Male,Mass Customer,NSW,Librarian,Entertainment,False,4,9,10,49.0
373,Male,Affluent Customer,VIC,Web Designer I,Financial Services,False,54,11,11,48.0
375,Male,High Net Worth,QLD,Director of Sales,Unknown,True,7,20,8,63.0
376,Male,High Net Worth,QLD,Unknown,IT,False,60,10,2,49.0
377,Female,High Net Worth,VIC,Human Resources Assistant I,Financial Services,False,81,2,1,37.0
378,Female,Affluent Customer,VIC,Nuclear Power Engineer,Manufacturing,False,34,14,6,49.0
379,Female,Mass Customer,QLD,Data Coordiator,Financial Services,True,40,16,5,81.0
380,Female,Mass Customer,NSW,Junior Executive,Manufacturing,False,7,12,6,60.0
381,Female,Affluent Customer,NSW,VP Product Management,Financial Services,True,4,2,12,27.0
382,Male,Mass Customer,NSW,Data Coordiator,Health,True,85,8,10,59.0
383,Female,Affluent Customer,NSW,Product Engineer,Entertainment,False,65,17,7,79.0
384,Male,Affluent Customer,VIC,Staff Scientist,Financial Services,True,82,9,6,28.0
385,Male,High Net Worth,QLD,Help Desk Operator,Manufacturing,True,46,9,7,69.0
386,Female,Mass Customer,NSW,Unknown,Health,False,11,13,8,62.0
387,Female,Affluent Customer,VIC,Account Executive,Unknown,True,15,8,5,50.0
388,Male,Affluent Customer,QLD,Structural Engineer,Telecommunications,False,51,5,3,30.0
389,Female,Mass Customer,NSW,Quality Control Specialist,Unknown,False,75,22,7,75.0
390,Female,High Net Worth,VIC,Chief Design Engineer,Unknown,False,25,21,6,44.0
391,Female,Affluent Customer,NSW,Senior Editor,Manufacturing,False,92,10,10,84.0
392,Male,Mass Customer,NSW,Data Coordiator,Retail,True,36,6,11,41.0
393,Male,Mass Customer,VIC,Quality Engineer,Financial Services,False,10,19,9,73.0
394,Male,Mass Customer,VIC,Unknown,Manufacturing,True,74,5,9,33.0
395,Female,Mass Customer,NSW,Assistant Media Planner,Entertainment,True,73,9,12,62.0
396,Female,Mass Customer,QLD,VP Sales,Health,True,66,4,3,21.0
397,Female,High Net Worth,QLD,Unknown,Entertainment,True,84,15,5,62.0
398,Male,Mass Customer,NSW,Environmental Specialist,Health,True,54,21,8,81.0
399,Male,Affluent Customer,NSW,Financial Advisor,Financial Services,False,72,18,10,44.0
400,Male,Mass Customer,NSW,Software Consultant,IT,False,53,12,5,47.0
401,Female,Mass Customer,VIC,Senior Financial Analyst,Financial Services,True,91,13,10,56.0
402,Male,Mass Customer,VIC,Analyst Programmer,Unknown,True,56,13,7,68.0
403,Male,Affluent Customer,NSW,Cost Accountant,Financial Services,True,80,17,11,45.0
404,Female,High Net Worth,VIC,Help Desk Operator,Manufacturing,True,67,16,7,46.0
405,Female,Mass Customer,NSW,Unknown,Financial Services,True,5,13,11,43.0
406,Male,Mass Customer,NSW,Graphic Designer,Health,False,21,19,11,85.0
407,Female,High Net Worth,VIC,Programmer III,Health,False,24,12,7,27.0
408,Female,High Net Worth,VIC,Social Worker,Health,False,75,10,10,40.0
409,Female,Affluent Customer,NSW,Speech Pathologist,Unknown,False,15,18,7,66.0
410,Female,Mass Customer,NSW,Unknown,Unknown,True,81,21,8,77.0
411,Male,Mass Customer,VIC,Nuclear Power Engineer,Manufacturing,False,84,14,11,28.0
412,Male,Mass Customer,NSW,Civil Engineer,Manufacturing,False,65,17,8,69.0
413,Female,High Net Worth,NSW,Health Coach IV,Health,False,48,11,12,65.0
414,Male,Mass Customer,NSW,Unknown,Manufacturing,False,37,9,9,85.0
415,Male,Mass Customer,QLD,Data Coordiator,Argiculture,True,57,15,2,60.0
416,Male,Affluent Customer,VIC,Assistant Media Planner,Entertainment,False,57,17,3,70.0
417,Female,Mass Customer,NSW,Product Engineer,Financial Services,False,46,7,3,34.0
418,Male,Affluent Customer,NSW,Engineer IV,Financial Services,True,76,1,10,25.0
419,Female,Mass Customer,NSW,Information Systems Manager,Financial Services,False,33,3,1,32.0
420,Female,Mass Customer,NSW,Unknown,Property,False,90,12,11,75.0
421,Male,Mass Customer,NSW,Operator,Argiculture,True,97,10,8,53.0
422,Male,Mass Customer,NSW,Systems Administrator III,Property,False,3,12,9,32.0
423,Male,Affluent Customer,VIC,Sales Representative,Retail,False,87,15,5,30.0
424,Male,Mass Customer,NSW,Software Engineer III,Manufacturing,True,70,19,9,78.0
425,Female,Mass Customer,QLD,Senior Financial Analyst,Financial Services,True,13,20,9,76.0
426,Female,Mass Customer,NSW,Developer IV,Unknown,True,96,18,7,48.0
427,Female,High Net Worth,NSW,Chemical Engineer,Manufacturing,False,52,13,9,54.0
428,Female,Affluent Customer,NSW,Database Administrator II,Property,True,6,20,9,46.0
429,Female,Affluent Customer,NSW,Environmental Specialist,Unknown,False,51,8,4,83.0
430,Male,Mass Customer,NSW,Research Assistant IV,Argiculture,True,23,4,8,49.0
431,Female,Mass Customer,NSW,Account Executive,IT,True,58,17,9,48.0
432,Male,Mass Customer,QLD,Nurse Practicioner,Health,False,72,16,4,66.0
433,Male,Affluent Customer,VIC,Director of Sales,Property,False,61,12,8,45.0
435,Male,High Net Worth,VIC,Community Outreach Specialist,Entertainment,True,15,22,7,50.0
436,Male,High Net Worth,NSW,Nuclear Power Engineer,Manufacturing,True,37,10,8,26.0
437,Male,Affluent Customer,VIC,Geologist III,Property,True,28,7,2,49.0
438,Male,Mass Customer,NSW,Actuary,Financial Services,False,47,7,10,71.0
440,Female,High Net Worth,NSW,Librarian,Entertainment,True,59,14,1,82.0
441,Male,Affluent Customer,VIC,Software Consultant,Financial Services,False,16,15,8,26.0
442,Female,Mass Customer,NSW,General Manager,Argiculture,True,30,14,2,36.0
443,Female,Mass Customer,NSW,Senior Developer,IT,False,59,6,2,59.0
444,Female,Mass Customer,QLD,Research Associate,Financial Services,True,76,10,7,51.0
445,Male,Affluent Customer,QLD,VP Sales,Financial Services,False,67,8,5,30.0
446,Male,High Net Worth,VIC,Programmer I,Property,True,54,5,11,65.0
447,Female,High Net Worth,QLD,Quality Engineer,Manufacturing,True,83,8,4,57.0
448,Male,Affluent Customer,NSW,Legal Assistant,Retail,False,61,11,10,46.0
449,Female,High Net Worth,NSW,Human Resources Manager,Unknown,True,47,3,10,25.0
450,Female,Mass Customer,VIC,Programmer Analyst III,Financial Services,False,84,9,4,27.0
451,Female,High Net Worth,VIC,Help Desk Operator,Retail,True,0,14,5,32.0
452,Female,High Net Worth,NSW,Chemical Engineer,Manufacturing,False,12,21,9,80.0
453,Male,High Net Worth,NSW,Automation Specialist IV,Financial Services,False,42,14,11,41.0
454,Male,Mass Customer,NSW,VP Accounting,Financial Services,False,70,17,11,38.0
455,Female,High Net Worth,VIC,VP Sales,Unknown,False,21,10,6,62.0
456,Female,High Net Worth,QLD,Information Systems Manager,Manufacturing,False,17,17,3,47.0
457,Female,Affluent Customer,QLD,Unknown,Unknown,True,19,13,8,51.0
458,Female,Mass Customer,VIC,Software Engineer III,Financial Services,False,60,16,10,76.0
459,Male,Affluent Customer,NSW,Unknown,Retail,True,7,21,12,72.0
460,Female,Mass Customer,QLD,Unknown,Property,True,67,14,3,49.0
461,Female,Mass Customer,NSW,Office Assistant II,Unknown,True,59,19,9,83.0
462,Female,Mass Customer,VIC,Chief Design Engineer,Retail,False,24,8,4,76.0
463,Male,Mass Customer,NSW,Software Test Engineer IV,Property,True,56,5,7,58.0
464,Female,Mass Customer,NSW,Quality Engineer,Retail,False,25,16,11,46.0
465,Female,High Net Worth,VIC,Social Worker,Health,True,22,2,10,30.0
466,Male,Mass Customer,QLD,Business Systems Development Analyst,Financial Services,False,42,19,8,51.0
467,Female,Mass Customer,NSW,Programmer Analyst III,Unknown,True,38,18,7,53.0
468,Female,Mass Customer,NSW,Assistant Manager,Argiculture,False,75,10,9,23.0
469,Female,Mass Customer,VIC,Graphic Designer,IT,False,50,14,10,22.0
470,Female,Mass Customer,QLD,Nurse Practicioner,Retail,True,50,4,7,33.0
471,Male,Mass Customer,VIC,VP Marketing,Telecommunications,True,95,18,9,56.0
472,Male,Affluent Customer,NSW,Accountant II,Manufacturing,False,9,7,10,24.0
473,Male,Affluent Customer,NSW,Geologist III,IT,True,99,20,5,67.0
474,Male,Mass Customer,NSW,Assistant Media Planner,Entertainment,True,31,15,10,44.0
475,Male,Affluent Customer,NSW,Food Chemist,Health,True,7,9,3,21.0
476,Female,Mass Customer,VIC,Administrative Assistant II,Entertainment,False,25,16,10,51.0
477,Female,High Net Worth,NSW,Actuary,Financial Services,False,43,11,8,28.0
478,Male,Mass Customer,NSW,VP Quality Control,Unknown,False,89,12,9,66.0
479,Female,High Net Worth,NSW,Dental Hygienist,Health,False,73,15,7,72.0
480,Male,Mass Customer,VIC,Media Manager IV,Health,True,25,10,7,44.0
481,Male,Mass Customer,VIC,Compensation Analyst,Financial Services,True,97,8,2,64.0
482,Female,Affluent Customer,NSW,Account Representative IV,Retail,False,13,13,7,84.0
483,Male,Mass Customer,NSW,Programmer IV,Unknown,True,82,14,7,62.0
484,Male,High Net Worth,VIC,Assistant Manager,Manufacturing,False,29,11,4,53.0
485,Male,High Net Worth,QLD,VP Sales,Financial Services,True,46,13,4,79.0
486,Female,High Net Worth,VIC,Senior Sales Associate,Financial Services,False,69,8,6,57.0
487,Male,High Net Worth,QLD,Unknown,Financial Services,True,83,19,3,57.0
488,Male,High Net Worth,VIC,Human Resources Manager,Unknown,True,4,6,1,29.0
489,Female,Affluent Customer,NSW,Staff Scientist,Unknown,True,68,10,3,48.0
490,Female,Mass Customer,NSW,Web Designer IV,Manufacturing,True,72,10,9,48.0
491,Female,Mass Customer,VIC,Media Manager III,Retail,False,56,11,8,58.0
492,Female,Mass Customer,NSW,Administrative Officer,Manufacturing,False,55,2,8,27.0
493,Female,Mass Customer,VIC,Programmer II,Unknown,True,15,21,9,79.0
494,Male,Affluent Customer,QLD,Nurse Practicioner,IT,False,39,14,7,46.0
495,Male,Affluent Customer,NSW,Geologist IV,Financial Services,True,86,10,10,26.0
496,Female,High Net Worth,NSW,Analyst Programmer,Property,False,59,13,11,71.0
497,Female,Affluent Customer,NSW,Operator,Unknown,False,69,15,4,63.0
498,Female,Mass Customer,NSW,Assistant Manager,Unknown,False,56,6,9,34.0
499,Female,Mass Customer,QLD,Compensation Analyst,Financial Services,True,5,11,5,69.0
500,Male,Mass Customer,VIC,Structural Analysis Engineer,Argiculture,False,82,16,10,56.0
501,Male,Mass Customer,NSW,Software Consultant,Unknown,True,27,8,9,47.0
502,Female,Affluent Customer,NSW,Assistant Media Planner,Entertainment,True,10,17,7,49.0
503,Male,High Net Worth,QLD,Payment Adjustment Coordinator,Retail,True,68,20,4,63.0
504,Female,Mass Customer,NSW,Graphic Designer,Unknown,True,30,19,9,48.0
505,Male,High Net Worth,NSW,Payment Adjustment Coordinator,Unknown,False,13,11,7,78.0
506,Male,Affluent Customer,VIC,Marketing Assistant,Unknown,False,44,4,7,43.0
507,Female,Mass Customer,QLD,Teacher,Unknown,True,94,19,8,49.0
508,Female,Mass Customer,NSW,VP Product Management,Manufacturing,True,6,13,9,47.0
509,Male,Affluent Customer,NSW,Help Desk Technician,Unknown,False,41,9,11,43.0
510,Male,Mass Customer,NSW,Financial Analyst,Financial Services,False,4,11,8,50.0
511,Male,High Net Worth,VIC,Marketing Manager,Retail,False,57,12,9,24.0
512,Female,High Net Worth,VIC,Data Coordiator,Manufacturing,False,81,9,8,47.0
513,Female,Mass Customer,QLD,Unknown,Health,True,94,10,2,69.0
514,Female,Mass Customer,QLD,Senior Cost Accountant,Financial Services,True,72,10,9,35.0
515,Female,Mass Customer,VIC,Unknown,Manufacturing,False,91,9,2,52.0
516,Male,Mass Customer,NSW,Physical Therapy Assistant,Unknown,True,75,5,9,22.0
517,Female,High Net Worth,QLD,Unknown,Manufacturing,True,87,11,8,59.0
518,Female,Affluent Customer,NSW,Unknown,Manufacturing,False,79,12,4,24.0
519,Female,Mass Customer,QLD,Environmental Tech,Retail,True,87,9,6,69.0
520,Female,High Net Worth,NSW,Senior Quality Engineer,Manufacturing,False,33,12,9,72.0
521,Male,Mass Customer,VIC,Unknown,Unknown,True,42,12,8,67.0
522,Male,High Net Worth,NSW,Chief Design Engineer,Entertainment,False,60,2,12,32.0
523,Male,Affluent Customer,NSW,Senior Sales Associate,Argiculture,True,44,11,6,73.0
524,Male,High Net Worth,VIC,Structural Engineer,Manufacturing,True,79,8,7,43.0
525,Male,High Net Worth,VIC,Environmental Tech,Telecommunications,True,11,13,10,69.0
526,Female,Mass Customer,VIC,Unknown,Financial Services,True,26,14,12,59.0
527,Male,Affluent Customer,VIC,Research Assistant IV,Financial Services,False,97,13,8,70.0
528,Female,High Net Worth,NSW,Desktop Support Technician,Unknown,False,59,9,9,51.0
529,Female,High Net Worth,NSW,Office Assistant IV,IT,False,56,19,11,50.0
530,Female,Mass Customer,NSW,Product Engineer,Unknown,False,18,12,4,25.0
531,Female,Mass Customer,NSW,Chief Design Engineer,Financial Services,True,71,9,6,42.0
532,Male,Mass Customer,VIC,Physical Therapy Assistant,Retail,False,61,8,8,37.0
533,Male,Mass Customer,NSW,Associate Professor,Financial Services,False,55,9,3,68.0
534,Male,High Net Worth,VIC,Computer Systems Analyst I,Financial Services,True,62,22,8,71.0
535,Female,Mass Customer,QLD,Editor,Financial Services,True,10,17,7,67.0
536,Male,Mass Customer,NSW,Software Consultant,Argiculture,True,16,15,6,45.0
537,Male,Affluent Customer,VIC,Marketing Assistant,Health,False,62,15,8,29.0
538,Female,High Net Worth,VIC,Database Administrator III,Manufacturing,False,41,15,7,45.0
539,Female,Mass Customer,NSW,Accounting Assistant III,Manufacturing,False,37,7,12,26.0
540,Male,High Net Worth,NSW,Civil Engineer,Manufacturing,False,80,5,10,58.0
541,Female,Affluent Customer,QLD,VP Product Management,Manufacturing,False,78,13,5,47.0
542,Female,Affluent Customer,NSW,Accounting Assistant I,Financial Services,False,10,16,9,48.0
543,Male,Mass Customer,NSW,VP Sales,Manufacturing,False,68,8,7,73.0
544,Male,High Net Worth,VIC,Chemical Engineer,Manufacturing,True,60,2,6,25.0
545,Female,Mass Customer,NSW,Food Chemist,Health,False,0,13,12,46.0
546,Female,Mass Customer,NSW,Accountant III,Financial Services,False,99,5,7,51.0
547,Female,High Net Worth,NSW,Senior Editor,Entertainment,True,37,9,10,50.0
548,Male,Affluent Customer,NSW,Programmer III,Retail,False,69,13,9,39.0
549,Female,High Net Worth,NSW,Marketing Manager,Financial Services,True,42,12,12,32.0
550,Female,High Net Worth,VIC,Professor,Manufacturing,True,34,11,9,44.0
551,Female,High Net Worth,QLD,Financial Analyst,Financial Services,True,83,5,6,47.0
552,Male,Mass Customer,QLD,Internal Auditor,Manufacturing,True,12,13,3,24.0
553,Female,Affluent Customer,NSW,Developer I,Financial Services,False,55,17,6,65.0
554,Female,High Net Worth,NSW,Analyst Programmer,Financial Services,True,79,13,8,28.0
555,Male,High Net Worth,NSW,Help Desk Technician,Manufacturing,False,23,12,7,30.0
556,Male,High Net Worth,VIC,Senior Cost Accountant,Financial Services,False,79,13,3,51.0
557,Male,High Net Worth,NSW,Speech Pathologist,Manufacturing,False,46,13,9,29.0
558,Male,High Net Worth,NSW,Geological Engineer,Manufacturing,False,70,8,12,76.0
559,Male,High Net Worth,NSW,Account Coordinator,Manufacturing,False,60,13,6,73.0
560,Male,Mass Customer,QLD,Research Assistant II,Unknown,False,15,13,3,72.0
561,Female,Mass Customer,QLD,Unknown,Property,False,80,5,8,69.0
562,Male,Mass Customer,QLD,Executive Secretary,Financial Services,True,4,13,10,29.0
563,Male,Affluent Customer,NSW,Software Consultant,Health,False,67,13,10,56.0
564,Female,Affluent Customer,NSW,Account Representative IV,Retail,True,87,20,9,68.0
565,Male,High Net Worth,NSW,Actuary,Financial Services,True,73,15,6,68.0
566,Female,High Net Worth,NSW,Executive Secretary,Telecommunications,True,17,12,10,59.0
567,Male,Mass Customer,VIC,Internal Auditor,Unknown,True,40,14,7,37.0
568,Male,Mass Customer,QLD,Assistant Media Planner,Entertainment,False,81,14,1,32.0
569,Female,Mass Customer,QLD,Electrical Engineer,Manufacturing,True,66,2,7,22.0
570,Female,Mass Customer,NSW,Research Assistant III,Financial Services,True,53,18,8,55.0
571,Male,Mass Customer,NSW,Assistant Media Planner,Entertainment,True,81,21,9,73.0
572,Male,Mass Customer,NSW,Accounting Assistant I,Financial Services,False,1,16,8,81.0
573,Female,High Net Worth,VIC,Programmer Analyst I,Property,True,49,18,7,58.0
575,Female,Mass Customer,NSW,Unknown,Unknown,False,66,4,7,25.0
576,Male,Affluent Customer,VIC,Sales Associate,Financial Services,False,90,7,2,80.0
577,Male,High Net Worth,NSW,Senior Sales Associate,Financial Services,True,33,9,9,47.0
578,Female,Mass Customer,NSW,Sales Representative,Retail,False,64,11,9,29.0
579,Male,Mass Customer,VIC,Data Coordiator,Unknown,True,75,13,8,29.0
580,Female,Mass Customer,NSW,Structural Engineer,Telecommunications,False,47,11,10,50.0
581,Female,High Net Worth,QLD,Account Coordinator,Manufacturing,True,3,13,8,33.0
582,Female,Affluent Customer,NSW,Recruiter,Unknown,True,2,4,11,28.0
583,Male,Mass Customer,NSW,Registered Nurse,Health,True,9,11,7,28.0
584,Female,Mass Customer,VIC,Environmental Specialist,Health,False,26,10,1,72.0
585,Female,Affluent Customer,VIC,Web Developer II,Manufacturing,False,27,15,3,85.0
586,Male,Affluent Customer,QLD,Statistician III,Health,False,32,14,6,27.0
587,Male,Affluent Customer,QLD,Cost Accountant,Financial Services,True,95,1,8,29.0
588,Male,High Net Worth,NSW,Programmer Analyst IV,Health,False,83,18,8,49.0
589,Female,High Net Worth,VIC,Account Executive,Manufacturing,True,39,17,7,36.0
590,Male,Mass Customer,VIC,Engineer IV,Manufacturing,False,1,10,6,44.0
591,Female,Affluent Customer,VIC,Tax Accountant,Retail,True,44,13,8,27.0
592,Male,Mass Customer,VIC,Mechanical Systems Engineer,Financial Services,False,83,7,5,58.0
593,Male,Mass Customer,NSW,Accountant I,Property,False,13,20,8,68.0
594,Female,Affluent Customer,VIC,Sales Associate,Financial Services,True,21,8,3,50.0
595,Female,Mass Customer,VIC,Nurse Practicioner,Unknown,True,6,10,8,65.0
596,Male,Mass Customer,NSW,Senior Sales Associate,Unknown,True,57,9,5,44.0
597,Male,High Net Worth,NSW,Assistant Media Planner,Entertainment,False,29,1,11,29.0
599,Female,Mass Customer,NSW,Legal Assistant,Unknown,False,59,14,12,84.0
600,Male,Affluent Customer,NSW,Compensation Analyst,Financial Services,True,63,15,9,27.0
601,Male,Affluent Customer,NSW,Data Coordiator,Health,True,68,11,11,26.0
602,Female,Mass Customer,QLD,Director of Sales,Manufacturing,True,45,10,7,50.0
603,Male,Affluent Customer,VIC,Physical Therapy Assistant,Unknown,True,93,10,7,62.0
604,Female,Affluent Customer,VIC,Operator,IT,True,27,12,10,57.0
605,Female,Affluent Customer,NSW,Budget/Accounting Analyst II,Unknown,False,33,20,9,68.0
606,Male,Mass Customer,NSW,Automation Specialist III,Manufacturing,True,96,20,8,68.0
607,Female,Mass Customer,NSW,Computer Systems Analyst I,Manufacturing,True,80,12,6,44.0
608,Male,Mass Customer,NSW,VP Product Management,Health,True,70,5,8,53.0
609,Female,Mass Customer,NSW,Professor,Manufacturing,True,94,9,8,25.0
610,Male,High Net Worth,QLD,VP Marketing,Property,False,65,16,7,47.0
611,Female,Mass Customer,QLD,Unknown,Property,True,88,7,3,54.0
612,Male,Affluent Customer,NSW,Environmental Tech,Health,True,29,17,8,73.0
613,Male,Mass Customer,VIC,Media Manager II,Retail,True,37,14,8,72.0
614,Female,Mass Customer,NSW,Software Engineer II,IT,False,63,8,9,66.0
615,Male,Mass Customer,NSW,Administrative Assistant I,Health,True,62,6,12,60.0
616,Female,Affluent Customer,NSW,Programmer II,Property,True,47,17,11,67.0
617,Female,Mass Customer,QLD,Civil Engineer,Manufacturing,False,49,8,7,50.0
618,Female,High Net Worth,NSW,Unknown,Retail,False,61,16,9,64.0
619,Female,Mass Customer,QLD,Unknown,Financial Services,True,22,7,4,55.0
620,Male,Mass Customer,NSW,Product Engineer,Financial Services,True,88,6,2,68.0
621,Female,Mass Customer,NSW,Unknown,Unknown,True,62,22,9,83.0
622,Male,Mass Customer,QLD,Engineer I,Manufacturing,True,31,8,7,25.0
623,Male,Mass Customer,QLD,Health Coach III,Health,False,11,19,9,56.0
624,Female,Affluent Customer,QLD,Chemical Engineer,Manufacturing,True,97,5,9,63.0
625,Male,Affluent Customer,NSW,Geologist IV,Manufacturing,True,51,6,9,30.0
626,Female,Affluent Customer,VIC,Unknown,Unknown,True,17,7,7,50.0
627,Male,Mass Customer,QLD,Junior Executive,Manufacturing,False,30,9,7,62.0
628,Male,Affluent Customer,NSW,Unknown,Property,True,42,13,2,84.0
629,Male,Mass Customer,NSW,Tax Accountant,Unknown,False,7,11,9,78.0
630,Male,High Net Worth,NSW,Unknown,Unknown,True,43,16,7,36.0
631,Female,Mass Customer,QLD,Legal Assistant,Health,True,86,17,5,61.0
632,Female,Mass Customer,VIC,Payment Adjustment Coordinator,Financial Services,True,3,13,8,48.0
633,Male,Mass Customer,QLD,Marketing Assistant,Retail,False,88,12,6,26.0
634,Male,Mass Customer,QLD,Desktop Support Technician,Financial Services,True,96,16,5,69.0
635,Male,High Net Worth,VIC,Pharmacist,Health,False,23,18,1,73.0
636,Male,High Net Worth,NSW,Assistant Professor,Retail,False,97,8,10,45.0
637,Female,Affluent Customer,VIC,Senior Editor,Financial Services,True,31,11,6,69.0
638,Female,Affluent Customer,NSW,Unknown,Retail,True,70,13,10,73.0
639,Female,Affluent Customer,VIC,Statistician II,Retail,False,18,14,8,57.0
640,Female,High Net Worth,QLD,Database Administrator III,Unknown,False,96,8,7,55.0
641,Male,Mass Customer,NSW,Help Desk Operator,Property,False,42,13,8,41.0
642,Female,Affluent Customer,QLD,Executive Secretary,Manufacturing,False,48,14,3,27.0
643,Male,Mass Customer,NSW,Payment Adjustment Coordinator,Manufacturing,False,82,12,11,61.0
644,Female,Affluent Customer,VIC,VP Marketing,Unknown,False,51,18,8,47.0
645,Female,High Net Worth,NSW,Software Engineer II,Argiculture,True,38,14,8,83.0
646,Male,Affluent Customer,NSW,Database Administrator III,Retail,True,93,5,9,28.0
647,Male,Mass Customer,NSW,Financial Analyst,Financial Services,False,24,17,9,42.0
648,Female,Mass Customer,QLD,Social Worker,Health,True,18,15,9,81.0
649,Male,High Net Worth,NSW,Technical Writer,Manufacturing,True,58,16,5,65.0
650,Male,Mass Customer,NSW,Chief Design Engineer,Unknown,False,42,5,8,35.0
651,Male,Mass Customer,NSW,Unknown,Unknown,True,29,8,7,47.0
652,Female,Mass Customer,VIC,Mechanical Systems Engineer,Retail,True,98,1,9,26.0
653,Female,Mass Customer,VIC,Geological Engineer,Manufacturing,True,86,17,5,65.0
654,Female,High Net Worth,VIC,Professor,Manufacturing,True,11,15,12,72.0
655,Female,Mass Customer,NSW,Professor,Financial Services,True,2,19,12,79.0
656,Female,High Net Worth,VIC,Analyst Programmer,Manufacturing,True,6,14,6,38.0
657,Female,Affluent Customer,NSW,Unknown,Manufacturing,True,34,9,7,81.0
658,Female,Affluent Customer,VIC,Financial Advisor,Financial Services,True,25,18,5,46.0
659,Male,Mass Customer,VIC,Community Outreach Specialist,Financial Services,False,12,16,3,55.0
660,Male,High Net Worth,VIC,Nurse Practicioner,Financial Services,False,73,6,11,32.0
661,Male,Affluent Customer,NSW,Tax Accountant,Manufacturing,True,94,20,8,64.0
662,Female,High Net Worth,VIC,Unknown,Financial Services,True,50,16,8,43.0
663,Female,High Net Worth,NSW,Developer III,Health,False,59,17,11,83.0
665,Male,Mass Customer,NSW,Unknown,Property,False,13,10,7,63.0
666,Female,Mass Customer,VIC,VP Product Management,Telecommunications,False,41,12,7,63.0
667,Female,High Net Worth,VIC,Director of Sales,Financial Services,False,42,19,7,82.0
668,Male,High Net Worth,NSW,Unknown,Unknown,True,52,9,8,47.0
669,Female,Mass Customer,QLD,Structural Analysis Engineer,Financial Services,True,50,22,2,49.0
670,Male,High Net Worth,VIC,Librarian,Entertainment,False,3,9,10,64.0
671,Female,Affluent Customer,QLD,Junior Executive,Retail,False,45,12,6,67.0
672,Female,High Net Worth,NSW,Health Coach III,Health,False,5,11,11,79.0
673,Male,Mass Customer,NSW,Associate Professor,Unknown,True,20,20,8,67.0
674,Female,Mass Customer,VIC,Operator,Manufacturing,False,23,18,9,83.0
675,Female,High Net Worth,NSW,Pharmacist,Health,False,73,12,9,61.0
676,Female,Mass Customer,NSW,VP Sales,Health,False,8,21,10,71.0
677,Male,Mass Customer,NSW,VP Quality Control,Financial Services,False,99,15,8,57.0
678,Female,Mass Customer,NSW,Structural Analysis Engineer,Health,False,36,4,9,27.0
679,Male,Mass Customer,NSW,Sales Representative,Retail,True,93,7,12,53.0
680,Female,Affluent Customer,NSW,VP Quality Control,Property,True,70,9,7,27.0
681,Male,Affluent Customer,QLD,VP Sales,Retail,False,17,12,9,75.0
682,Female,Mass Customer,QLD,Accountant IV,Manufacturing,True,25,12,7,42.0
683,Female,Mass Customer,NSW,Social Worker,Health,True,98,10,1,45.0
684,Male,High Net Worth,VIC,Office Assistant IV,Retail,False,58,7,2,46.0
685,Female,Mass Customer,NSW,Teacher,Entertainment,True,95,3,6,43.0
686,Male,Mass Customer,QLD,Actuary,Financial Services,True,67,2,8,29.0
687,Male,Mass Customer,NSW,Accounting Assistant II,Manufacturing,False,22,11,9,82.0
688,Female,High Net Worth,QLD,Occupational Therapist,Health,False,92,16,4,31.0
689,Male,High Net Worth,NSW,Unknown,Health,True,69,7,9,85.0
690,Female,Affluent Customer,VIC,Administrative Assistant II,Financial Services,True,53,5,8,31.0
691,Male,Mass Customer,NSW,Unknown,Unknown,True,42,13,8,45.0
692,Male,Affluent Customer,NSW,Help Desk Technician,Financial Services,False,70,18,9,50.0
693,Male,Mass Customer,QLD,VP Accounting,Financial Services,False,96,9,5,69.0
694,Male,High Net Worth,NSW,VP Quality Control,Property,True,68,17,4,46.0
695,Male,Mass Customer,NSW,VP Product Management,Retail,True,91,13,9,32.0
696,Female,High Net Worth,QLD,Recruiting Manager,Unknown,False,75,18,3,73.0
697,Male,Mass Customer,NSW,Unknown,Manufacturing,False,31,7,8,66.0
698,Female,High Net Worth,NSW,Marketing Manager,Unknown,False,12,12,12,62.0
699,Female,High Net Worth,QLD,VP Marketing,Manufacturing,False,8,7,3,49.0
700,Female,High Net Worth,NSW,Occupational Therapist,Health,True,44,7,8,42.0
701,Female,High Net Worth,NSW,Chief Design Engineer,Telecommunications,False,39,13,11,49.0
702,Male,Mass Customer,NSW,Chemical Engineer,Manufacturing,False,97,6,8,58.0
703,Female,Mass Customer,QLD,Unknown,Financial Services,False,44,13,9,50.0
704,Female,Affluent Customer,VIC,Dental Hygienist,Health,True,37,19,7,70.0
705,Female,High Net Worth,NSW,Cost Accountant,Financial Services,False,99,16,11,72.0
706,Male,Mass Customer,VIC,Actuary,Financial Services,False,27,11,8,48.0
707,Male,Mass Customer,NSW,Clinical Specialist,Health,True,18,8,5,77.0
708,Female,Mass Customer,NSW,GIS Technical Architect,Financial Services,False,64,2,7,24.0
709,Male,Affluent Customer,NSW,Dental Hygienist,Health,True,57,14,8,51.0
710,Female,Mass Customer,VIC,VP Quality Control,Financial Services,True,85,9,8,40.0
711,Male,Mass Customer,QLD,Paralegal,Financial Services,True,14,6,9,40.0
712,Male,Affluent Customer,QLD,Structural Analysis Engineer,Unknown,True,28,18,2,52.0
713,Female,Mass Customer,QLD,Nurse,Retail,False,47,17,3,48.0
714,Female,High Net Worth,NSW,Nurse,Financial Services,False,74,12,11,73.0
715,Female,Mass Customer,NSW,Project Manager,Telecommunications,True,82,10,2,60.0
716,Male,Affluent Customer,VIC,Senior Sales Associate,Unknown,True,8,4,7,58.0
717,Female,Mass Customer,QLD,Assistant Manager,Health,True,26,9,10,57.0
718,Female,Affluent Customer,VIC,Environmental Specialist,Health,True,15,9,9,24.0
719,Male,Mass Customer,NSW,Actuary,Financial Services,True,71,7,9,57.0
720,Male,Mass Customer,NSW,Mechanical Systems Engineer,Manufacturing,False,12,5,4,45.0
721,Male,Mass Customer,NSW,VP Marketing,Unknown,True,71,5,8,51.0
722,Male,Mass Customer,VIC,Web Designer I,Manufacturing,False,36,17,6,58.0
723,Female,Affluent Customer,VIC,Marketing Assistant,IT,True,40,21,11,46.0
724,Female,Mass Customer,NSW,Recruiting Manager,Unknown,True,54,10,9,54.0
725,Male,Mass Customer,VIC,Business Systems Development Analyst,Unknown,False,83,16,9,53.0
726,Male,High Net Worth,NSW,Developer IV,Unknown,True,37,9,10,26.0
727,Male,Mass Customer,NSW,Analog Circuit Design manager,Property,True,75,10,7,30.0
728,Male,Affluent Customer,NSW,Internal Auditor,Health,True,28,12,11,67.0
729,Female,Affluent Customer,NSW,Research Nurse,Health,True,60,16,9,62.0
730,Male,Mass Customer,NSW,Environmental Tech,IT,True,87,11,10,26.0
731,Female,Mass Customer,QLD,Programmer Analyst I,Manufacturing,True,40,5,5,31.0
732,Female,Mass Customer,QLD,Assistant Manager,Unknown,True,94,9,9,78.0
733,Male,Mass Customer,QLD,Junior Executive,Financial Services,False,35,15,2,32.0
734,Male,Mass Customer,NSW,Chemical Engineer,Manufacturing,True,17,5,9,42.0
735,Male,Mass Customer,QLD,Structural Engineer,Unknown,True,11,9,7,33.0
736,Female,Mass Customer,QLD,Research Nurse,Health,True,68,6,7,57.0
737,Male,High Net Worth,QLD,Senior Developer,Unknown,True,52,17,7,60.0
738,Male,High Net Worth,NSW,Civil Engineer,Manufacturing,False,48,16,9,48.0
739,Female,Affluent Customer,QLD,Accountant IV,IT,True,42,19,1,76.0
740,Female,High Net Worth,QLD,Unknown,Telecommunications,False,49,9,5,84.0
741,Male,Mass Customer,NSW,Financial Analyst,Financial Services,True,68,11,9,49.0
742,Male,Mass Customer,VIC,Junior Executive,Financial Services,True,97,10,6,22.0
743,Female,Affluent Customer,QLD,Database Administrator IV,Property,True,70,17,9,75.0
744,Male,Mass Customer,NSW,Professor,Entertainment,False,87,11,2,25.0
745,Male,Affluent Customer,NSW,Software Consultant,Retail,False,43,8,10,47.0
746,Female,Mass Customer,QLD,Physical Therapy Assistant,Financial Services,False,86,7,3,43.0
747,Female,Mass Customer,QLD,Librarian,Entertainment,True,25,5,7,61.0
748,Male,Mass Customer,QLD,VP Marketing,Financial Services,True,99,21,9,48.0
749,Female,Affluent Customer,NSW,Web Designer IV,Retail,False,7,11,12,52.0
750,Male,Mass Customer,VIC,Senior Sales Associate,Retail,True,33,20,2,73.0
752,Female,Mass Customer,VIC,Unknown,Financial Services,True,45,15,9,63.0
753,Male,Mass Customer,NSW,Social Worker,Health,False,35,16,8,58.0
754,Female,Mass Customer,VIC,Quality Control Specialist,Unknown,False,87,12,7,49.0
755,Male,Affluent Customer,QLD,Food Chemist,Health,False,80,10,5,54.0
756,Male,Affluent Customer,VIC,Senior Sales Associate,Financial Services,True,22,6,6,27.0
757,Female,Mass Customer,NSW,Senior Quality Engineer,Financial Services,True,32,6,11,50.0
758,Male,High Net Worth,NSW,Health Coach III,Health,False,69,17,7,41.0
759,Female,High Net Worth,NSW,Unknown,Health,False,79,17,4,45.0
760,Male,Affluent Customer,QLD,Teacher,Retail,False,51,21,3,50.0
761,Male,Mass Customer,QLD,Nurse Practicioner,Property,False,5,7,7,36.0
762,Male,Affluent Customer,QLD,Software Consultant,Argiculture,False,6,16,1,73.0
763,Male,Affluent Customer,NSW,Junior Executive,Financial Services,False,52,8,12,21.0
764,Male,Affluent Customer,VIC,Unknown,Entertainment,True,93,15,9,40.0
765,Male,High Net Worth,QLD,Research Assistant IV,Manufacturing,True,37,11,7,63.0
766,Male,Affluent Customer,NSW,Clinical Specialist,Health,False,89,8,4,24.0
767,Female,Affluent Customer,NSW,VP Product Management,Manufacturing,True,4,6,8,33.0
768,Female,Mass Customer,NSW,VP Sales,Retail,True,11,9,10,58.0
769,Female,High Net Worth,QLD,Unknown,Unknown,True,86,13,6,85.0
770,Female,Mass Customer,VIC,Librarian,Entertainment,False,86,22,8,76.0
771,Female,Affluent Customer,NSW,Chief Design Engineer,Health,False,23,4,3,39.0
772,Male,High Net Worth,NSW,Project Manager,Manufacturing,True,47,9,8,70.0
773,Female,Mass Customer,VIC,Assistant Professor,Retail,True,11,4,9,34.0
774,Male,High Net Worth,NSW,VP Accounting,Financial Services,False,46,10,10,30.0
776,Female,Mass Customer,VIC,Budget/Accounting Analyst III,Retail,True,73,14,9,35.0
777,Female,Affluent Customer,NSW,Librarian,Entertainment,False,38,18,10,57.0
778,Male,Mass Customer,NSW,Unknown,Manufacturing,True,40,6,8,51.0
779,Female,Mass Customer,VIC,Budget/Accounting Analyst III,Unknown,True,46,6,12,27.0
780,Female,Mass Customer,NSW,Food Chemist,Health,False,30,10,10,42.0
781,Female,Affluent Customer,QLD,Software Test Engineer I,Financial Services,True,35,10,5,59.0
782,Male,High Net Worth,VIC,Nurse Practicioner,Manufacturing,False,55,8,10,68.0
783,Male,Mass Customer,NSW,Dental Hygienist,Health,False,98,12,9,31.0
784,Male,Affluent Customer,NSW,Analyst Programmer,Manufacturing,False,66,9,10,29.0
785,Male,High Net Worth,NSW,Operator,Health,False,89,6,10,67.0
786,Female,High Net Worth,VIC,Research Nurse,Health,True,48,11,12,66.0
787,Male,High Net Worth,NSW,Marketing Assistant,IT,False,1,7,10,41.0
788,Female,Affluent Customer,QLD,Financial Advisor,Financial Services,False,49,9,2,43.0
789,Female,Mass Customer,NSW,Geological Engineer,Manufacturing,True,32,9,10,31.0
790,Female,Affluent Customer,NSW,Registered Nurse,Health,True,93,11,6,49.0
791,Male,Mass Customer,VIC,Associate Professor,Property,False,4,7,10,50.0
792,Female,High Net Worth,NSW,Librarian,Entertainment,False,79,18,6,69.0
793,Male,Mass Customer,NSW,Developer I,Health,False,21,9,12,68.0
794,Female,Affluent Customer,NSW,Clinical Specialist,Health,False,61,13,9,72.0
795,Male,Mass Customer,QLD,Nurse,Manufacturing,False,1,10,2,54.0
796,Female,Mass Customer,VIC,Biostatistician IV,Financial Services,True,47,13,12,57.0
797,Male,Mass Customer,NSW,General Manager,Health,False,7,12,9,85.0
798,Female,Affluent Customer,NSW,Environmental Tech,Manufacturing,False,0,13,9,42.0
799,Male,Affluent Customer,NSW,Chemical Engineer,Manufacturing,False,77,22,10,74.0
800,Female,High Net Worth,NSW,Unknown,Manufacturing,False,64,17,8,41.0
801,Female,Mass Customer,NSW,Account Executive,Health,True,25,14,11,49.0
802,Female,Mass Customer,NSW,Health Coach I,Health,False,77,11,10,43.0
803,Male,Mass Customer,QLD,Marketing Manager,Manufacturing,False,79,21,5,72.0
804,Male,Mass Customer,NSW,Project Manager,Unknown,True,71,11,8,76.0
805,Female,High Net Worth,VIC,Software Test Engineer I,Manufacturing,False,12,20,7,71.0
806,Male,Affluent Customer,QLD,Junior Executive,Financial Services,False,83,16,9,59.0
807,Male,High Net Worth,NSW,Programmer III,Financial Services,False,67,21,11,83.0
808,Male,Mass Customer,NSW,Financial Analyst,Financial Services,False,94,8,7,38.0
809,Female,Affluent Customer,VIC,Unknown,Financial Services,False,46,15,6,62.0
810,Female,Affluent Customer,NSW,Safety Technician IV,Financial Services,True,94,9,10,55.0
811,Male,Mass Customer,QLD,Chemical Engineer,Manufacturing,False,69,20,1,78.0
812,Female,Affluent Customer,NSW,Nuclear Power Engineer,Manufacturing,True,39,9,7,45.0
813,Male,High Net Worth,VIC,Unknown,Financial Services,True,72,15,4,32.0
814,Female,High Net Worth,QLD,Help Desk Operator,Unknown,False,61,22,5,71.0
815,Male,Affluent Customer,NSW,Software Consultant,Unknown,False,34,3,7,23.0
816,Male,Mass Customer,QLD,Dental Hygienist,Health,False,38,5,8,63.0
817,Male,Mass Customer,NSW,Computer Systems Analyst III,Health,True,42,17,10,83.0
818,Male,Affluent Customer,VIC,Budget/Accounting Analyst I,Financial Services,False,1,17,10,58.0
819,Male,Affluent Customer,VIC,GIS Technical Architect,Financial Services,False,65,14,8,35.0
820,Male,High Net Worth,VIC,Marketing Assistant,Manufacturing,False,96,12,8,35.0
821,Male,Affluent Customer,VIC,Budget/Accounting Analyst III,Manufacturing,False,70,17,8,45.0
822,Male,Mass Customer,NSW,Budget/Accounting Analyst III,Unknown,True,46,14,8,57.0
823,Male,Mass Customer,QLD,Account Representative III,Argiculture,False,36,16,7,46.0
824,Female,Mass Customer,NSW,Sales Associate,Financial Services,True,11,7,8,50.0
825,Female,Mass Customer,VIC,Senior Financial Analyst,Financial Services,False,43,9,6,52.0
826,Male,Mass Customer,NSW,Marketing Manager,Unknown,False,21,4,9,28.0
827,Female,High Net Worth,QLD,Automation Specialist II,Unknown,False,49,9,8,23.0
828,Female,High Net Worth,NSW,Registered Nurse,Health,True,60,15,7,60.0
829,Female,Mass Customer,NSW,Cost Accountant,Financial Services,True,67,5,12,31.0
830,Female,Affluent Customer,VIC,Registered Nurse,Health,False,24,12,4,61.0
831,Female,High Net Worth,NSW,Staff Accountant III,Property,True,29,4,11,50.0
832,Female,Mass Customer,NSW,Unknown,IT,True,66,10,10,56.0
833,Male,High Net Worth,VIC,Nuclear Power Engineer,Manufacturing,False,56,11,5,61.0
834,Male,Mass Customer,QLD,Media Manager II,Financial Services,False,79,15,7,60.0
836,Male,Affluent Customer,QLD,Payment Adjustment Coordinator,Manufacturing,True,79,7,8,44.0
837,Male,Mass Customer,VIC,Quality Engineer,Unknown,True,7,13,10,72.0
838,Male,Mass Customer,NSW,Analyst Programmer,Unknown,False,66,7,8,29.0
839,Male,Mass Customer,NSW,Human Resources Manager,Unknown,False,94,11,8,84.0
840,Male,Mass Customer,NSW,Recruiter,Unknown,True,74,19,8,75.0
841,Male,Affluent Customer,NSW,Recruiter,Unknown,False,47,11,12,44.0
842,Female,High Net Worth,NSW,Environmental Specialist,Property,True,79,6,7,65.0
843,Female,Mass Customer,NSW,Compensation Analyst,Financial Services,False,25,12,9,22.0
844,Female,Mass Customer,QLD,Engineer IV,Retail,False,21,7,4,50.0
845,Male,Mass Customer,NSW,Engineer I,Manufacturing,False,22,3,5,29.0
846,Female,Mass Customer,QLD,Executive Secretary,Unknown,True,60,3,8,28.0
847,Male,Mass Customer,VIC,Financial Analyst,Financial Services,True,42,5,8,41.0
848,Female,High Net Worth,NSW,Registered Nurse,Health,True,62,10,7,26.0
849,Male,High Net Worth,QLD,VP Quality Control,Telecommunications,False,66,12,4,66.0
850,Female,High Net Worth,VIC,Registered Nurse,Health,False,46,12,2,64.0
851,Female,Mass Customer,NSW,Civil Engineer,Manufacturing,False,63,17,9,67.0
852,Male,Mass Customer,NSW,Pharmacist,Health,True,62,1,8,25.0
853,Female,Affluent Customer,VIC,Cost Accountant,Financial Services,True,29,9,10,81.0
854,Female,High Net Worth,NSW,Automation Specialist II,Property,True,45,5,10,43.0
855,Male,Affluent Customer,VIC,Junior Executive,Health,True,24,18,7,45.0
856,Male,Affluent Customer,QLD,VP Quality Control,Manufacturing,True,32,11,2,70.0
857,Female,Affluent Customer,NSW,Human Resources Assistant III,Health,True,67,22,9,84.0
858,Male,Affluent Customer,NSW,Clinical Specialist,Health,True,88,12,10,64.0
859,Female,High Net Worth,QLD,Business Systems Development Analyst,IT,False,47,15,6,65.0
860,Male,High Net Worth,VIC,Marketing Manager,Manufacturing,True,37,8,6,44.0
861,Male,Affluent Customer,VIC,Financial Advisor,Financial Services,False,42,3,7,43.0
862,Male,Affluent Customer,NSW,Senior Financial Analyst,Financial Services,False,54,10,7,70.0
863,Female,Affluent Customer,NSW,Environmental Tech,Manufacturing,True,2,7,9,23.0
864,Female,Mass Customer,VIC,Associate Professor,Manufacturing,False,32,4,8,33.0
865,Male,High Net Worth,VIC,Account Representative IV,Health,True,57,21,2,76.0
866,Female,High Net Worth,QLD,Dental Hygienist,Health,False,99,14,10,59.0
867,Male,High Net Worth,NSW,Environmental Specialist,Unknown,True,11,12,11,62.0
868,Female,Mass Customer,VIC,Statistician IV,Financial Services,False,87,8,9,65.0
869,Male,Mass Customer,NSW,Product Engineer,Health,True,95,12,11,49.0
870,Female,Mass Customer,NSW,Senior Cost Accountant,Financial Services,False,47,4,12,56.0
871,Female,High Net Worth,NSW,Nurse,Health,True,76,7,3,62.0
872,Female,High Net Worth,NSW,Clinical Specialist,Health,False,37,8,6,70.0
873,Female,Mass Customer,VIC,Unknown,IT,True,50,21,10,49.0
874,Male,Affluent Customer,VIC,Programmer Analyst II,Financial Services,False,88,11,7,49.0
875,Male,Affluent Customer,VIC,Electrical Engineer,Manufacturing,True,58,1,8,28.0
876,Female,Mass Customer,NSW,Automation Specialist I,Manufacturing,False,57,19,11,67.0
877,Male,Affluent Customer,QLD,Automation Specialist III,Manufacturing,True,43,13,9,75.0
878,Female,High Net Worth,NSW,Assistant Manager,Health,True,30,13,10,29.0
879,Male,Affluent Customer,NSW,Unknown,Unknown,False,44,19,4,57.0
880,Male,High Net Worth,QLD,Tax Accountant,Financial Services,False,67,7,9,82.0
881,Male,Mass Customer,QLD,Unknown,Telecommunications,True,63,9,6,50.0
882,Female,Affluent Customer,VIC,GIS Technical Architect,Unknown,True,22,13,3,26.0
884,Male,Mass Customer,VIC,Associate Professor,Entertainment,False,48,14,7,59.0
885,Male,Affluent Customer,NSW,Cost Accountant,Financial Services,True,40,20,7,85.0
886,Male,Mass Customer,NSW,Software Consultant,Telecommunications,False,52,11,9,29.0
887,Female,Affluent Customer,NSW,Analog Circuit Design manager,Argiculture,True,27,5,9,66.0
888,Female,Affluent Customer,VIC,Structural Analysis Engineer,Financial Services,False,72,5,9,43.0
889,Male,Affluent Customer,NSW,Unknown,Manufacturing,False,64,16,6,52.0
890,Male,Mass Customer,VIC,Project Manager,IT,True,57,9,1,67.0
891,Male,Mass Customer,NSW,Design Engineer,Property,True,51,6,12,51.0
892,Female,High Net Worth,NSW,Civil Engineer,Manufacturing,True,11,15,3,24.0
893,Male,High Net Worth,NSW,Executive Secretary,Unknown,False,31,5,9,39.0
894,Female,Mass Customer,QLD,Systems Administrator II,IT,True,54,6,4,23.0
895,Male,Mass Customer,VIC,Software Test Engineer II,Manufacturing,False,5,18,8,62.0
896,Male,Affluent Customer,QLD,Environmental Tech,IT,True,46,7,5,82.0
897,Male,Mass Customer,NSW,Staff Scientist,Health,False,47,10,9,64.0
898,Female,Affluent Customer,NSW,Accountant IV,Property,False,38,11,10,71.0
899,Male,High Net Worth,NSW,Unknown,Health,False,5,19,9,55.0
900,Male,Mass Customer,VIC,Assistant Professor,Unknown,False,1,13,7,52.0
901,Female,Mass Customer,NSW,Chief Design Engineer,Manufacturing,False,53,8,10,59.0
902,Male,Mass Customer,VIC,Paralegal,Financial Services,False,48,9,6,27.0
903,Female,Affluent Customer,NSW,Business Systems Development Analyst,Manufacturing,True,84,5,8,50.0
905,Female,Mass Customer,NSW,Account Executive,Health,False,77,8,7,50.0
906,Male,Affluent Customer,QLD,Help Desk Technician,Unknown,False,27,17,5,56.0
907,Female,Mass Customer,VIC,Unknown,Unknown,False,57,12,7,60.0
908,Male,Affluent Customer,NSW,Software Test Engineer III,Health,False,10,16,9,23.0
909,Female,Mass Customer,NSW,Sales Representative,Retail,True,65,8,5,66.0
910,Female,Mass Customer,NSW,Unknown,Manufacturing,False,49,18,10,48.0
911,Female,Affluent Customer,VIC,General Manager,Manufacturing,False,7,17,8,32.0
912,Male,Affluent Customer,QLD,Geologist III,Manufacturing,True,39,6,5,62.0
913,Female,High Net Worth,VIC,Help Desk Operator,Unknown,True,16,10,9,62.0
914,Male,Mass Customer,NSW,Unknown,Unknown,False,86,21,9,84.0
915,Female,High Net Worth,NSW,Developer IV,Entertainment,False,58,9,10,36.0
916,Female,High Net Worth,QLD,Chemical Engineer,Manufacturing,True,14,13,2,44.0
917,Female,High Net Worth,VIC,Software Consultant,Health,False,64,16,8,39.0
918,Female,High Net Worth,QLD,Nurse,Telecommunications,False,71,3,9,35.0
919,Male,High Net Worth,NSW,Help Desk Operator,Telecommunications,False,78,17,2,73.0
920,Female,High Net Worth,NSW,Assistant Manager,Unknown,True,45,14,6,65.0
921,Female,Mass Customer,NSW,Pharmacist,Health,False,59,16,9,33.0
922,Male,Mass Customer,NSW,Teacher,Property,True,51,3,10,42.0
923,Female,High Net Worth,NSW,Unknown,Manufacturing,False,22,17,10,40.0
924,Female,Mass Customer,NSW,Senior Cost Accountant,Financial Services,True,2,15,10,50.0
925,Female,Mass Customer,VIC,General Manager,Manufacturing,True,47,5,4,64.0
926,Female,Mass Customer,QLD,Research Associate,Manufacturing,False,61,20,9,66.0
927,Male,High Net Worth,QLD,Librarian,Entertainment,False,75,3,4,25.0
928,Female,High Net Worth,NSW,Senior Cost Accountant,Financial Services,True,84,13,7,45.0
929,Female,Affluent Customer,VIC,Unknown,Manufacturing,True,67,13,9,30.0
930,Male,Mass Customer,VIC,Occupational Therapist,Health,True,65,21,5,72.0
931,Female,Affluent Customer,NSW,Statistician II,Manufacturing,False,98,8,10,47.0
932,Female,Mass Customer,NSW,Software Engineer I,Telecommunications,True,30,12,10,36.0
933,Male,Mass Customer,VIC,Senior Financial Analyst,Financial Services,False,18,14,4,48.0
934,Female,Mass Customer,VIC,Project Manager,Manufacturing,False,5,6,4,63.0
935,Female,Mass Customer,VIC,Assistant Media Planner,Entertainment,True,79,17,6,60.0
936,Male,High Net Worth,VIC,Help Desk Technician,Financial Services,True,16,8,8,59.0
937,Female,High Net Worth,NSW,Paralegal,Financial Services,True,41,11,3,78.0
938,Female,Mass Customer,QLD,Legal Assistant,Argiculture,False,77,17,4,83.0
939,Male,High Net Worth,NSW,Staff Scientist,Retail,False,98,20,9,77.0
940,Female,Mass Customer,VIC,Internal Auditor,Financial Services,True,61,21,8,49.0
941,Female,Mass Customer,QLD,Chief Design Engineer,Unknown,True,5,7,7,69.0
942,Female,Affluent Customer,NSW,Food Chemist,Health,True,63,8,3,52.0
943,Male,Mass Customer,VIC,Software Test Engineer I,Retail,False,90,8,10,49.0
944,Male,Mass Customer,NSW,Analog Circuit Design manager,Property,False,91,5,9,31.0
945,Female,High Net Worth,NSW,Sales Representative,Retail,False,63,8,7,82.0
946,Female,High Net Worth,NSW,Software Engineer III,Manufacturing,True,44,4,9,35.0
947,Female,Mass Customer,VIC,Account Executive,Health,False,35,17,4,31.0
948,Male,High Net Worth,NSW,Help Desk Operator,Manufacturing,True,13,11,11,29.0
949,Male,High Net Worth,VIC,Teacher,Health,False,23,2,8,40.0
950,Female,Mass Customer,VIC,Operator,Unknown,False,26,3,7,47.0
951,Male,Mass Customer,QLD,Environmental Specialist,IT,True,67,6,7,57.0
952,Female,Mass Customer,VIC,Unknown,Financial Services,False,23,6,3,46.0
953,Female,Mass Customer,NSW,Unknown,Manufacturing,True,74,15,11,61.0
954,Female,High Net Worth,NSW,Payment Adjustment Coordinator,Unknown,False,14,13,12,29.0
955,Male,Mass Customer,VIC,Geologist I,Financial Services,True,12,6,7,54.0
956,Female,Mass Customer,NSW,Operator,Retail,True,59,15,11,28.0
957,Female,Mass Customer,QLD,VP Quality Control,Unknown,True,83,9,9,59.0
958,Female,Mass Customer,VIC,Web Designer II,Retail,False,78,7,8,25.0
959,Female,Mass Customer,VIC,Programmer III,Unknown,False,62,4,4,56.0
960,Female,Mass Customer,NSW,Accountant III,Financial Services,False,0,10,9,48.0
961,Male,Mass Customer,VIC,Recruiting Manager,Health,False,15,11,3,36.0
962,Male,Affluent Customer,NSW,Associate Professor,Property,True,82,7,10,54.0
963,Female,Mass Customer,QLD,Research Assistant III,Manufacturing,True,25,13,6,43.0
964,Female,Mass Customer,NSW,Human Resources Manager,Health,True,42,15,10,48.0
965,Male,Affluent Customer,NSW,Product Engineer,Telecommunications,False,33,1,8,29.0
966,Female,Mass Customer,QLD,Geological Engineer,Manufacturing,False,6,18,6,60.0
967,Female,High Net Worth,NSW,Civil Engineer,Manufacturing,False,74,14,12,63.0
968,Male,High Net Worth,NSW,Dental Hygienist,Health,True,60,15,1,37.0
969,Male,High Net Worth,NSW,Electrical Engineer,Manufacturing,True,3,15,8,72.0
970,Female,Affluent Customer,NSW,Nurse,Property,True,30,4,9,56.0
971,Female,Affluent Customer,VIC,Unknown,Unknown,False,43,10,6,24.0
972,Male,Mass Customer,NSW,Unknown,Health,True,82,11,10,25.0
973,Female,Mass Customer,QLD,Senior Quality Engineer,Retail,True,37,13,5,57.0
974,Female,Affluent Customer,VIC,Structural Engineer,Financial Services,True,77,10,12,22.0
975,Male,Affluent Customer,VIC,Recruiter,Unknown,True,63,17,6,55.0
976,Male,Mass Customer,VIC,Environmental Tech,Health,True,15,5,9,56.0
977,Female,Mass Customer,NSW,Structural Analysis Engineer,IT,False,56,9,10,85.0
978,Male,Mass Customer,VIC,Web Designer II,Argiculture,True,77,13,5,46.0
979,Male,Mass Customer,NSW,Environmental Tech,Argiculture,True,93,9,12,37.0
980,Female,Mass Customer,NSW,Mechanical Systems Engineer,Unknown,True,71,3,8,31.0
981,Female,Affluent Customer,QLD,Senior Quality Engineer,Financial Services,True,83,22,1,72.0
982,Male,Mass Customer,NSW,Sales Associate,Property,False,45,8,5,67.0
983,Female,Mass Customer,NSW,Quality Control Specialist,Unknown,False,5,21,11,72.0
985,Female,Mass Customer,VIC,Research Nurse,Health,False,83,15,4,36.0
986,Male,Mass Customer,NSW,Web Developer I,IT,True,41,7,8,64.0
987,Female,Mass Customer,NSW,Geologist I,Health,False,44,15,7,26.0
988,Female,Mass Customer,NSW,Quality Control Specialist,Manufacturing,True,64,11,7,80.0
989,Female,High Net Worth,NSW,Unknown,Manufacturing,True,83,11,8,78.0
990,Female,Mass Customer,QLD,Help Desk Operator,Property,True,60,9,6,69.0
991,Male,Mass Customer,VIC,Automation Specialist I,Manufacturing,True,59,15,3,49.0
992,Female,Mass Customer,QLD,Assistant Media Planner,Entertainment,True,32,8,3,50.0
993,Male,Mass Customer,NSW,Compensation Analyst,Financial Services,True,38,6,4,64.0
994,Female,Mass Customer,VIC,Office Assistant IV,Retail,False,15,3,12,33.0
995,Male,Affluent Customer,NSW,Paralegal,Financial Services,False,60,9,7,64.0
996,Male,Mass Customer,NSW,Senior Sales Associate,Health,False,22,6,10,22.0
997,Female,Affluent Customer,QLD,Budget/Accounting Analyst IV,Financial Services,True,17,15,2,69.0
998,Male,Mass Customer,QLD,Financial Advisor,Financial Services,True,30,19,2,71.0
999,Male,Mass Customer,NSW,Staff Accountant IV,Property,True,56,14,9,68.0
